category,brand
OIL IMMERSED BRAKE PLATE,SWARAJ
OIL IMMERSED BRAKE PLATE,ARJUN
OIL IMMERSED BRAKE PLATE,MKM
OIL IMMERSED BRAKE PLATE,SONALIKA
OIL IMMERSED BRAKE PLATE,EICHER
OIL IMMERSED BRAKE PLATE,BALWAN
OIL IMMERSED BRAKE PLATE,NEW HOLLAND
OIL IMMERSED BRAKE PLATE,JOHN DEERE
OIL IMMERSED BRAKE PLATE,MASSEY
OIL IMMERSED BRAKE PLATE,GREAVES
OIL IMMERSED BRAKE PLATE,POWERTRAC
OIL IMMERSED BRAKE PLATE,FARMTRAC
OIL IMMERSED BRAKE PLATE,JCB
OIL IMMERSED BRAKE PLATE,MAHINDRA
OIL IMMERSED STEEL PLATE,ARJUN
OIL IMMERSED STEEL PLATE,MKM
OIL IMMERSED STEEL PLATE,SWARAJ
OIL IMMERSED STEEL PLATE,SONALIKA
OIL IMMERSED STEEL PLATE,NEW HOLLAND
OIL IMMERSED STEEL PLATE,BALWAN
OIL IMMERSED STEEL PLATE,MASSEY
OIL IMMERSED STEEL PLATE,EICHER
OIL IMMERSED STEEL PLATE,JOHN DEERE
OIL IMMERSED STEEL PLATE,FARMTRAC
OIL IMMERSED STEEL PLATE,POWERTRAC
OIL IMMERSED STEEL PLATE,JCB
CLUTCH PLATE (IMPORTED),MAHINDRA
CLUTCH PLATE (IMPORTED),MASSEY
CLUTCH PLATE (IMPORTED),SWARAJ
CLUTCH PLATE (IMPORTED),NEW HOLLAND
CLUTCH PLATE (IMPORTED),FARMTRAC
CLUTCH PLATE (IMPORTED),JOHN DEERE
CLUTCH PLATE (FAN TYPE),ARJUN
CLUTCH PLATE (FAN TYPE),SONALIKA
CLUTCH PLATE (FAN TYPE),JOHN DEERE
CLUTCH PLATE (FAN TYPE),GREAVES
CLUTCH PLATE (FAN TYPE),HMT
CLUTCH PLATE (FAN TYPE),EICHER
CLUTCH PLATE (FAN TYPE),NEW HOLLAND
CLUTCH PLATE (FAN TYPE),POWERTRAC
CLUTCH PLATE (FAN TYPE),FARMTRAC
PRESSURE PLATE ASSEMBLY,MAHINDRA
PRESSURE PLATE ASSEMBLY,BHOOMIPUTRA
PRESSURE PLATE ASSEMBLY,SWARAJ
PRESSURE PLATE ASSEMBLY,SONALIKA
PRESSURE PLATE ASSEMBLY,NEW HOLLAND
PRESSURE PLATE ASSEMBLY,FARMTRAC
PRESSURE PLATE ASSEMBLY,FORD
PRESSURE PLATE ASSEMBLY,ESCORTS
PRESSURE PLATE ASSEMBLY,EICHER
PRESSURE PLATE ASSEMBLY,JOHN DEERE
PRESSURE PLATE ASSEMBLY,MASSEY
PRESSURE PLATE ASSEMBLY,YUVRAJ
PRESSURE PLATE TAWA,MAHINDRA
PRESSURE PLATE TAWA,ESCORTS
PRESSURE PLATE TAWA,SWARAJ
PRESSURE PLATE TAWA,EICHER
PRESSURE PLATE TAWA,SONALIKA
BRAKE DISC ACTUATING,MAHINDRA
BRAKE DISC ACTUATING,ARJUN
BRAKE DISC ACTUATING,SARPANCH
BRAKE DISC ACTUATING,YUVRAJ
BRAKE DISC ACTUATING,SWARAJ
BRAKE DISC ACTUATING,SONALIKA
BRAKE DISC ACTUATING,MASSEY
BRAKE DISC ACTUATING,FORD
BRAKE DISC ACTUATING,HMT
BRAKE DISC ACTUATING,EICHER
BRAKE DISC ACTUATING,ESCORTS
BRAKE DISC ACTUATING,JOHN DEERE
BRAKE DISC ACTUATING,FARMTRAC
BRAKE DISC ACTUATING,NEW HOLLAND
BRAKE DISC ACTUATING,MKM
BRAKE DISC ACTUATING ASSEMBLY,MAHINDRA
BRAKE DISC ACTUATING ASSEMBLY,ARJUN
BRAKE DISC ACTUATING ASSEMBLY,SARPANCH
BRAKE DISC ACTUATING ASSEMBLY,YUVRAJ
BRAKE DISC ACTUATING ASSEMBLY,SWARAJ
BRAKE DISC ACTUATING ASSEMBLY,SONALIKA
BRAKE DISC ACTUATING ASSEMBLY,MASSEY
BRAKE DISC ACTUATING ASSEMBLY,FORD
BRAKE DISC ACTUATING ASSEMBLY,HMT
BRAKE DISC ACTUATING ASSEMBLY,EICHER
BRAKE DISC ACTUATING ASSEMBLY,ESCORTS
BRAKE DISC ACTUATING ASSEMBLY,JOHN DEERE
BRAKE DISC ACTUATING ASSEMBLY,FARMTRAC
BRAKE DISC ACTUATING ASSEMBLY,NEW HOLLAND
BRAKE DISC ACTUATING ASSEMBLY,MKM
BRAKE DISC PLATE,MAHINDRA
BRAKE DISC PLATE,SWARAJ
BRAKE DISC PLATE,HMT
BRAKE DISC PLATE,YUVRAJ
BRAKE DISC PLATE,SONALIKA
BRAKE DISC PLATE,MASSEY
BRAKE DISC PLATE,FORD
BRAKE DISC PLATE,EICHER
BRAKE DISC PLATE,ESCORTS
BRAKE DISC PLATE,FARMTRAC
BRAKE DISC PLATE,ARJUN
BRAKE DISC PLATE,POWERTRAC
BRAKE DISC PLATE (NON ASBESTOS),MAHINDRA
BRAKE DISC PLATE (NON ASBESTOS),ARJUN
BRAKE DISC PLATE (NON ASBESTOS),SWARAJ
BRAKE DISC PLATE (NON ASBESTOS),SONALIKA
BRAKE DISC PLATE (NON ASBESTOS),MASSEY
BRAKE DISC PLATE (NON ASBESTOS),FORD
BRAKE DISC PLATE (NON ASBESTOS),EICHER
BRAKE DISC PLATE (NON ASBESTOS),ESCORTS
BRAKE DISC PLATE (NON ASBESTOS),HMT
BRAKE DISC,MAHINDRA
BRAKE DISC,SWARAJ
BRAKE DISC,HMT
BRAKE DISC,YUVRAJ
BRAKE DISC,SONALIKA
BRAKE DISC,MASSEY
BRAKE DISC,FORD
BRAKE DISC,EICHER
BRAKE DISC,ESCORTS
BRAKE DISC,FARMTRAC
BRAKE DISC,ARJUN
BRAKE DISC (NON ASBESTOS),MAHINDRA
BRAKE DISC (NON ASBESTOS),ARJUN
BRAKE DISC (NON ASBESTOS),SWARAJ
BRAKE DISC (NON ASBESTOS),SONALIKA
BRAKE DISC (NON ASBESTOS),MASSEY
BRAKE SHOE WITH LINING,HMT
BRAKE SHOE WITH LINING,MASSEY
BRAKE SHOE WITH LINING,FORD
BRAKE LINING,HMT
BRAKE LINING,MASSEY
BRAKE LINING,FORD
BRAKE LINING,EICHER
BRAKE LINING,ESCORTS
CLUTCH PLATE (NON ASBESTOS),SARPANCH
CLUTCH PLATE (NON ASBESTOS),MAHINDRA
CLUTCH PLATE (NON ASBESTOS),M&M
CLUTCH PLATE (NON ASBESTOS),SARTAJ
CLUTCH PLATE (NON ASBESTOS),SWARAJ
CLUTCH PLATE (NON ASBESTOS),FERGUSON
CLUTCH PLATE (NON ASBESTOS),MASSEY
CLUTCH PLATE (NON ASBESTOS),TAFE
CLUTCH PLATE (NON ASBESTOS),HINDUSTAN
CLUTCH PLATE (NON ASBESTOS),HMT
CLUTCH PLATE (NON ASBESTOS),EICHER
CLUTCH PLATE (NON ASBESTOS),SONALIKA
CLUTCH PLATE (NON ASBESTOS),FARMTRAC
CLUTCH PLATE (NON ASBESTOS),ESCORTS
CLUTCH PLATE (NON ASBESTOS),FORD
CLUTCH PLATE (NON ASBESTOS),NEW HOLLAND
CLUTCH PLATE (NON ASBESTOS),STANDARD
CLUTCH PLATE (NON ASBESTOS),GREAVES
CLUTCH PLATE (NON ASBESTOS),JOHN DEERE
CLUTCH PLATE (ASBESTOS),SARPANCH
CLUTCH PLATE (ASBESTOS),MAHINDRA
CLUTCH PLATE (ASBESTOS),M&M
CLUTCH PLATE (ASBESTOS),SWARAJ
CLUTCH PLATE (ASBESTOS),FERGUSON
CLUTCH PLATE (ASBESTOS),MASSEY
CLUTCH PLATE (ASBESTOS),HINDUSTAN
CLUTCH PLATE (ASBESTOS),HMT
CLUTCH PLATE (ASBESTOS),EICHER
CLUTCH PLATE (ASBESTOS),SONALIKA
CLUTCH PLATE (ASBESTOS),FARMTRAC
CLUTCH PLATE (ASBESTOS),ESCORTS
CLUTCH PLATE (ASBESTOS),FORD
CLUTCH FACINGS (NON ASBESTOS),MASSEY
CLUTCH FACINGS (NON ASBESTOS),ESCORTS
CLUTCH FACINGS (NON ASBESTOS),POWERTRAC
CLUTCH FACINGS (NON ASBESTOS),HMT
CLUTCH FACINGS (NON ASBESTOS),ZETOR
CLUTCH FACINGS (NON ASBESTOS),EICHER
CLUTCH FACINGS (NON ASBESTOS),SWARAJ
CLUTCH FACINGS (NON ASBESTOS),SONALIKA
CLUTCH FACINGS (NON ASBESTOS),SARPANCH
CLUTCH FACINGS (NON ASBESTOS),MAHINDRA
CLUTCH FACINGS (NON ASBESTOS),NEW HOLLAND
CLUTCH FACINGS (ASBESTOS),MASSEY
CLUTCH FACINGS (ASBESTOS),ESCORTS
CLUTCH FACINGS (ASBESTOS),POWERTRAC
CLUTCH FACINGS (ASBESTOS),HMT
CLUTCH FACINGS (ASBESTOS),ZETOR
CLUTCH FACINGS (ASBESTOS),EICHER
CLUTCH FACINGS (ASBESTOS),SWARAJ
CLUTCH FACINGS (ASBESTOS),SONALIKA
CLUTCH FACINGS (ASBESTOS),SARPANCH
CLUTCH FACINGS (ASBESTOS),MAHINDRA
CLUTCH FACINGS (ASBESTOS),NEW HOLLAND
TIE ROD END,MAHINDRA
TIE ROD END,MKM
TIE ROD END,ARJUN
TIE ROD END,SWARAJ
TIE ROD END,SONALIKA
TIE ROD END,JOHN DEERE
TIE ROD END,HMT
TIE ROD END,MASSEY
TIE ROD END,EICHER
TIE ROD END,ESCORTS
TIE ROD END,POWERTRAC
TIE ROD END,FARMTRAC
TIE ROD END,NEW HOLLAND
TIE ROD END,PREET
TIE ROD END,GREAVES
TIE ROD END,ACE
TIE ROD END,STANDARD
TIE ROD END,BALWAN
TIE ROD END,ENDOFARM
TIE ROD END,JCB
STEERING SHAFT,GENERAL
STEERING SHAFT,SARPANCH
STEERING SHAFT,YUVRAJ
STEERING SHAFT,MKM
STEERING SHAFT,ARJUN
STEERING SHAFT,SWARAJ
STEERING SHAFT,SONALIKA
STEERING SHAFT,MF
STEERING SHAFT,MASSEY
STEERING SHAFT,HMT
STEERING SHAFT,ESCORT
STEERING SHAFT,POWERTRAC
STEERING SHAFT,FORD
STEERING SHAFT,FARMTRAC
STEERING SHAFT,EICHER
STEERING SHAFT,NEW HOLLAND
STEERING SHAFT,JOHN DEERE
POWER STEERING CYLINDER,ARJUN
POWER STEERING CYLINDER,MASSEY
POWER STEERING CYLINDER,SWARAJ
POWER STEERING CYLINDER,SONALIKA
POWER STEERING CYLINDER,GENERAL
POWER STEERING CYLINDER,JOHN DEERE
POWER STEERING CYLINDER,POWERTRAC
POWER STEERING CYLINDER,FARMTRAC
POWER STEERING CYLINDER,NEW HOLLAND
POWER STEERING CYLINDER,HMT
POWER STEERING CYLINDER,PREET
POWER STEERING CYLINDER,ACE
POWER STEERING CYLINDER,AGRILAC
