code,name,description,category,brand,price
GK 001,SWARAJ,SIZE:6.5";TEETH:14",OIL IMMERSED BRAKE PLATE,SWARAJ,340
GK 002,ARJUN,SIZE:7";TEETH:18",OIL IMMERSED BRAKE PLATE,ARJUN,350
GK 003,MKM,SIZE:6.5";TEETH:18",OIL IMMERSED BRAKE PLATE,MKM,340
GK 004,SONALIKA,SIZE:6.5";TEETH:14",OIL IMMERSED BRAKE PLATE,SONALIKA,340
GK 005,EICHER,SIZE:6.5";TEETH:10",OIL IMMERSED BRAKE PLATE,EICHER,340
GK 006,BALWAN,SIZE:6.5";TEETH:23",OIL IMMERSED BRAKE PLATE,BALWAN,340
GK 007,NEW HOLLAND,SIZE:6.5";TEETH:22",OIL IMMERSED BRAKE PLATE,NEW HOLLAND,340
GK 008,NEW HOLLAND,SIZE:6.5";TEETH:11",OIL IMMERSED BRAKE PLATE,NEW HOLLAND,340
GK 009,JOHN DEERE,SIZE:10";TEETH:14",OIL IMMERSED BRAKE PLATE,JOHN DEERE,600
GK 010,JOHN DEERE,SIZE:10";TEETH:16",OIL IMMERSED BRAKE PLATE,JOHN DEERE,600
GK 011,JOHN DEERE,SIZE:12";TEETH:14",OIL IMMERSED BRAKE PLATE,JOHN DEERE,1520
GK 012,JOHN DEERE,SIZE:6";TEETH:16",OIL IMMERSED BRAKE PLATE,JOHN DEERE,340
GK 013,MASSEY,SIZE:8.75";TEETH:27",OIL IMMERSED BRAKE PLATE,MASSEY,560
GK 014,SAME GREAVES,SIZE:8.75";TEETH:12",OIL IMMERSED BRAKE PLATE,GREAVES,1070
GK 015,POWERTRAC (W TYPE),SIZE:7";TEETH:18",OIL IMMERSED BRAKE PLATE,POWERTRAC,410
GK 016,FARMTRAC,SIZE:8";TEETH:20",OIL IMMERSED BRAKE PLATE,FARMTRAC,540
GK 017,FARMTRAC,SIZE:9.5";TEETH:33",OIL IMMERSED BRAKE PLATE,FARMTRAC,620
GK 018,JCB,SIZE:8.75";TEETH:15",OIL IMMERSED BRAKE PLATE,JCB,400
GK 019,JCB 3DX,SIZE:5.5";TEETH:45",OIL IMMERSED BRAKE PLATE,JCB,170
GK 020,JCB 3D,SIZE:5.25";TEETH:45",OIL IMMERSED BRAKE PLATE,JCB,145
GK 021,SWARAJ ORCHARD,SIZE:8.75";TEETH:22",OIL IMMERSED BRAKE PLATE,SWARAJ,760
GK 022,SWARAJ (W TYPE),SIZE:6.5";TEETH:14",OIL IMMERSED BRAKE PLATE,SWARAJ,400
GK 023,ARJUN (W TYPE),SIZE:7";TEETH:18",OIL IMMERSED BRAKE PLATE,ARJUN,410
GK 024,MKM (W TYPE),SIZE:6.5";TEETH:18",OIL IMMERSED BRAKE PLATE,MKM,400
GK 025,MAHINDRA YUVO,SIZE:7";TEETH:23",OIL IMMERSED BRAKE PLATE,MAHINDRA,425
GK 026,NEW HOLLAND (W TYPE),SIZE:6.5";TEETH:11",OIL IMMERSED BRAKE PLATE,NEW HOLLAND,400
GK 027,NEW HOLLAND (W TYPE),SIZE:6.5";TEETH:22",OIL IMMERSED BRAKE PLATE,NEW HOLLAND,400
GK 028,EICHER (W TYPE),SIZE:6.5";TEETH:10",OIL IMMERSED BRAKE PLATE,EICHER,400
GK 030,ARJUN,SIZE:7",OIL IMMERSED STEEL PLATE,ARJUN,235
GK 031,MKM,SIZE:6.5",OIL IMMERSED STEEL PLATE,MKM,235
GK 032,SWARAJ,SIZE:6.5",OIL IMMERSED STEEL PLATE,SWARAJ,220
GK 033,SONALIKA,SIZE:6.5",OIL IMMERSED STEEL PLATE,SONALIKA,220
GK 034,NEW HOLLAND,SIZE:6.5",OIL IMMERSED STEEL PLATE,NEW HOLLAND,220
GK 035,BALWAN,SIZE:6.5",OIL IMMERSED STEEL PLATE,BALWAN,220
GK 036,MASSEY (PLAIN TYPE),SIZE:9.5",OIL IMMERSED STEEL PLATE,MASSEY,360
GK 037,MASSEY (CUT TYPE),SIZE:9.5",OIL IMMERSED STEEL PLATE,MASSEY,360
GK 038,EICHER,SIZE:6.5",OIL IMMERSED STEEL PLATE,EICHER,220
GK 039,JOHN DEERE,SIZE:10",OIL IMMERSED STEEL PLATE,JOHN DEERE,490
GK 040,JOHN DEERE,SIZE:12",OIL IMMERSED STEEL PLATE,JOHN DEERE,1450
GK 041,JOHN DEERE,SIZE:6",OIL IMMERSED STEEL PLATE,JOHN DEERE,240
GK 042,FARMTRAC,SIZE:8",OIL IMMERSED STEEL PLATE,FARMTRAC,340
GK 043,FARMTRAC,SIZE:9.5",OIL IMMERSED STEEL PLATE,FARMTRAC,360
GK 044,POWERTRAC,SIZE:7",OIL IMMERSED STEEL PLATE,POWERTRAC,235
GK 045,JCB,SIZE:8.75",OIL IMMERSED STEEL PLATE,JCB,370
GK 046,JCB 3DX,SIZE:5.5",OIL IMMERSED STEEL PLATE,JCB,125
GK 047,JCB 3D,SIZE:5.25",OIL IMMERSED STEEL PLATE,JCB,125
GK 060,MAHINDRA,SIZE:10";TEETH:10",CLUTCH PLATE (IMPORTED),MAHINDRA,1250
GK 061,MAHINDRA DIAPHRAGM,SIZE:11";TEETH:10",CLUTCH PLATE (IMPORTED),MAHINDRA,2300
GK 062,MAHINDRA DI,SIZE:11";TEETH:10",CLUTCH PLATE (IMPORTED),MAHINDRA,1980
GK 063,MASSEY,SIZE:10";TEETH:10",CLUTCH PLATE (IMPORTED),MASSEY,1250
GK 064,MASSEY DI,SIZE:11";TEETH:10",CLUTCH PLATE (IMPORTED),MASSEY,1980
GK 065,MASSEY PTO,SIZE:10";TEETH:25",CLUTCH PLATE (IMPORTED),MASSEY,1800
GK 066,MASSEY (COOPA TYPE),SIZE:12";TEETH:10",CLUTCH PLATE (IMPORTED),MASSEY,2150
GK 067,SWARAJ W/SPRING,SIZE:11";TEETH:8",CLUTCH PLATE (IMPORTED),SWARAJ,2150
GK 068,SWARAJ W/O SPRING,SIZE:11";TEETH:8",CLUTCH PLATE (IMPORTED),SWARAJ,1800
GK 069,NEW HOLLAND,SIZE:9.5";TEETH:10",CLUTCH PLATE (IMPORTED),NEW HOLLAND,2100
GK 070,NEW HOLLAND,SIZE:11";TEETH:10",CLUTCH PLATE (IMPORTED),NEW HOLLAND,2500
GK 071,FARMTRAC,SIZE:11";TEETH:10",CLUTCH PLATE (IMPORTED),FARMTRAC,2150
GK 072,JOHN DEERE,SIZE:11";TEETH:13",CLUTCH PLATE (IMPORTED),JOHN DEERE,2600
GK 080,ARJUN,WING:4 WING;TEETH:10,CLUTCH PLATE (FAN TYPE),ARJUN,2350
GK 081,ARJUN,4 WING:5 WING;TEETH:10,CLUTCH PLATE (FAN TYPE),ARJUN,2700
GK 082,ARJUN,5 WING:6 WING;TEETH:10,CLUTCH PLATE (FAN TYPE),ARJUN,3150
GK 083,ARJUN,6 WING:7 WING;TEETH:10,CLUTCH PLATE (FAN TYPE),ARJUN,3550
GK 087,SONALIKA / SWARAJ,7 WING: 3 WING;TEETH:8,CLUTCH PLATE (FAN TYPE),SONALIKA,2020
GK 088,SONALIKA / SWARAJ, 3 WING: 4 WING ;TEETH:8,CLUTCH PLATE (FAN TYPE),SONALIKA,2350
GK 089,SONALIKA / SWARAJ, 4 WING :5 WING ;TEETH:8,CLUTCH PLATE (FAN TYPE),SONALIKA,2700
GK 090,SONALIKA / SWARAJ,5 WING : 6 WING;TEETH:8,CLUTCH PLATE (FAN TYPE),SONALIKA,3150
GK 091,SONALIKA / SWARAJ, 6 WING:7 WING;TEETH:8,CLUTCH PLATE (FAN TYPE),SONALIKA,3550
GK 095,JOHN DEERE,7 WING: 3 WING;TEETH:19,CLUTCH PLATE (FAN TYPE),JOHN DEERE,2020
GK 096,JOHN DEERE, 3 WING: 4 WING;TEETH:19,CLUTCH PLATE (FAN TYPE),JOHN DEERE,2350
GK 097,JOHN DEERE, 4 WING: 5 WING;TEETH:19,CLUTCH PLATE (FAN TYPE),JOHN DEERE,2700
GK 098,JOHN DEERE, 5 WING: 6 WING;TEETH:19,CLUTCH PLATE (FAN TYPE),JOHN DEERE,3150
GK 102,JOHN DEERE, 6 WING: 3 WING;TEETH:13,CLUTCH PLATE (FAN TYPE),JOHN DEERE,2020
GK 103,JOHN DEERE, 3 WING:4 WING;TEETH:13,CLUTCH PLATE (FAN TYPE),JOHN DEERE,2350
GK 104,JOHN DEERE,4 WING: 5 WING ;TEETH:13,CLUTCH PLATE (FAN TYPE),JOHN DEERE,2700
GK 105,JOHN DEERE, 5 WING :6 WING;TEETH:13,CLUTCH PLATE (FAN TYPE),JOHN DEERE,3150
GK 109,SAME GREAVES,6 WING:4 WING;TEETH:14,CLUTCH PLATE (FAN TYPE),GREAVES,2350
GK 110,SAME GREAVES,4 WING:5 WING;TEETH:14,CLUTCH PLATE (FAN TYPE),GREAVES,2700
GK 113,HMT,5 WING:4 WING;TEETH:18,CLUTCH PLATE (FAN TYPE),HMT,2350
GK 114,HMT,4 WING:5 WING;TEETH:18,CLUTCH PLATE (FAN TYPE),HMT,2700
GK 117,EICHER,5 WING: 4 WING;TEETH:10,CLUTCH PLATE (FAN TYPE),EICHER,2350
GK 118,EICHER, 4 WING:5 WING;TEETH:10,CLUTCH PLATE (FAN TYPE),EICHER,2700
GK 121,NEW HOLLAND 3630,5 WING: 4 WING;TEETH:14,CLUTCH PLATE (FAN TYPE),NEW HOLLAND,2350
GK 122,NEW HOLLAND 3630, 4 WING:5 WING;TEETH:14,CLUTCH PLATE (FAN TYPE),NEW HOLLAND,2700
GK 123,NEW HOLLAND 3630,5 WING: 6 WING;TEETH:14,CLUTCH PLATE (FAN TYPE),NEW HOLLAND,3150
GK 125,NEW HOLLAND 3230, 6 WING: 4 WING;TEETH:10,CLUTCH PLATE (FAN TYPE),NEW HOLLAND,2350
GK 126,NEW HOLLAND 3230, 4 WING:5 WING;TEETH:10,CLUTCH PLATE (FAN TYPE),NEW HOLLAND,2700
GK 127,NEW HOLLAND 3230,5 WING: 6 WING;TEETH:10,CLUTCH PLATE (FAN TYPE),NEW HOLLAND,3150
GK 130,POWERTRAC, 6 WING:4 WING;TEETH:10,CLUTCH PLATE (FAN TYPE),POWERTRAC,2350
GK 131,POWERTRAC,4 WING: 5 WING;TEETH:10,CLUTCH PLATE (FAN TYPE),POWERTRAC,2700
GK 133,FARMTRAC, 5 WING:4 WING;TEETH:10,CLUTCH PLATE (FAN TYPE),FARMTRAC,2350
GK 134,FARMTRAC,4 WING: 5 WING;TEETH:10,CLUTCH PLATE (FAN TYPE),FARMTRAC,2700
GK 140,MAHINDRA DIAPHRAGM,SIZE:11",PRESSURE PLATE ASSEMBLY,MAHINDRA,3980
GK 141,MAHINDRA,SIZE:10",PRESSURE PLATE ASSEMBLY,MAHINDRA,2890
GK 142,MAHINDRA DI,SIZE:11",PRESSURE PLATE ASSEMBLY,MAHINDRA,3020
GK 143,BHOOMIPUTRA,SIZE:11",PRESSURE PLATE ASSEMBLY,BHOOMIPUTRA,3060
GK 144,SWARAJ DIAPHRAGM,SIZE:11",PRESSURE PLATE ASSEMBLY,SWARAJ,3980
GK 145,SWARAJ 735,SIZE:10",PRESSURE PLATE ASSEMBLY,SWARAJ,2890
GK 146,SWARAJ 855,SIZE:11",PRESSURE PLATE ASSEMBLY,SWARAJ,3020
GK 147,SWARAJ 855,SIZE:12",PRESSURE PLATE ASSEMBLY,SWARAJ,4580
GK 148,SONALIKA DIAPHRAGM,SIZE:11",PRESSURE PLATE ASSEMBLY,SONALIKA,3980
GK 149,NEW HOLLAND DIAPHRAGM,SIZE:9.5",PRESSURE PLATE ASSEMBLY,NEW HOLLAND,3210
GK 150,NEW HOLLAND DIAPHRAGM,SIZE:11",PRESSURE PLATE ASSEMBLY,NEW HOLLAND,4830
GK 151,FARMTRAC,SIZE:11",PRESSURE PLATE ASSEMBLY,FARMTRAC,3020
GK 152,FORD 3600,SIZE:11",PRESSURE PLATE ASSEMBLY,FORD,3020
 GK 153,ESCORTS 355,SIZE:11",PRESSURE PLATE ASSEMBLY,ESCORTS,3060
GK 154,ESCORTS 335,SIZE:10",PRESSURE PLATE ASSEMBLY,ESCORTS,2890
GK 155,EICHER,SIZE:9",PRESSURE PLATE ASSEMBLY,EICHER,2510
GK 156,JOHN DEERE DIAPHRAGM,SIZE:11",PRESSURE PLATE ASSEMBLY,JOHN DEERE,4940
GK 157,MASSEY,SIZE:10",PRESSURE PLATE ASSEMBLY,MASSEY,2890
GK 158,MASSEY DI,SIZE:11",PRESSURE PLATE ASSEMBLY,MASSEY,3020
GK 159,MASSEY DIAPHRAGM,SIZE:11",PRESSURE PLATE ASSEMBLY,MASSEY,3980
GK 160,YUVRAJ,SIZE:8",PRESSURE PLATE ASSEMBLY,YUVRAJ,1900
GK 166,MAHINDRA / MASSEY P3,SIZE:10",PRESSURE PLATE TAWA,MAHINDRA,1125
GK 167,MAHINDRA DI / MASSEY DI / FORD / 355,SIZE:11",PRESSURE PLATE TAWA,MAHINDRA,1290
GK 168,MAHINDRA SARPANCH,SIZE:11",PRESSURE PLATE TAWA,MAHINDRA,1220
 GK 169,ESCORTS 335 / 345 / SWARAJ 735,SIZE:10",PRESSURE PLATE TAWA,ESCORTS,1125
GK 170,SWARAJ 855,SIZE:12",PRESSURE PLATE TAWA,SWARAJ,1600
GK 171,EICHER,SIZE:9.25",PRESSURE PLATE TAWA,EICHER,930
GK 172,SONALIKA DUAL CLUTCH,SIZE:11",PRESSURE PLATE TAWA,SONALIKA,1940
GK 173,SONALIKA P.T.O,SIZE:11",PRESSURE PLATE TAWA,SONALIKA,1420
GK 175,MAHINDRA,SIZE:6.5",BRAKE DISC ACTUATING,MAHINDRA,480
GK 176,ARJUN O/M,SIZE:7",BRAKE DISC ACTUATING,ARJUN,640
GK 177,SARPANCH,SIZE:7.5",BRAKE DISC ACTUATING,SARPANCH,720
GK 178,YUVRAJ,SIZE:4",BRAKE DISC ACTUATING,YUVRAJ,330
GK 179,SWARAJ 735,SIZE:6.5",BRAKE DISC ACTUATING,SWARAJ,500
GK 180,SWARAJ 855,SIZE:7.5",BRAKE DISC ACTUATING,SWARAJ,690
GK 181,SONALIKA,SIZE:7.5",BRAKE DISC ACTUATING,SONALIKA,690
GK 182,MASSEY,SIZE:8.75",BRAKE DISC ACTUATING,MASSEY,1040
GK 183,FORD,SIZE:8.75",BRAKE DISC ACTUATING,FORD,1040
GK 184,HMT,SIZE:6.5",BRAKE DISC ACTUATING,HMT,560
GK 185,EICHER,SIZE:7",BRAKE DISC ACTUATING,EICHER,640
GK 186,ESCORTS,SIZE:6.5",BRAKE DISC ACTUATING,ESCORTS,480
GK 187,JOHN DEERE  (LH+RH),SIZE:10",BRAKE DISC ACTUATING,JOHN DEERE,3000
GK 188,SWARAJ (OIB),SIZE:6.5",BRAKE DISC ACTUATING,SWARAJ,690
GK 189,FARMTRAC (OIB),SIZE:8.75",BRAKE DISC ACTUATING,FARMTRAC,1400
GK 190,NEW HOLLAND (OIB),SIZE:6.5",BRAKE DISC ACTUATING,NEW HOLLAND,690
GK 191,MASSEY (OIB),SIZE:8.75",BRAKE DISC ACTUATING,MASSEY,1400
GK 192,MKM (OIB),SIZE:6.5",BRAKE DISC ACTUATING,MKM,550
GK 193,JOHN DEERE,SIZE:12",BRAKE DISC ACTUATING,JOHN DEERE,3100
GK 194,ARJUN 605,SIZE:7.5",BRAKE DISC ACTUATING,ARJUN,820
GK 200,MAHINDRA,SIZE:6.5",BRAKE DISC ACTUATING ASSEMBLY,MAHINDRA,1110
GK 200A,MAHINDRA W/PATTI & BOLT,SIZE:6.5",BRAKE DISC ACTUATING ASSEMBLY,MAHINDRA,1260
GK 201,ARJUN O/M,SIZE:7",BRAKE DISC ACTUATING ASSEMBLY,ARJUN,1460
GK 202,SARPANCH,SIZE:7.5",BRAKE DISC ACTUATING ASSEMBLY,SARPANCH,1610
GK 203,YUVRAJ,SIZE:4",BRAKE DISC ACTUATING ASSEMBLY,YUVRAJ,780
GK 204,SWARAJ 735,SIZE:6.5",BRAKE DISC ACTUATING ASSEMBLY,SWARAJ,1170
GK 205,SWARAJ 855,SIZE:7.5",BRAKE DISC ACTUATING ASSEMBLY,SWARAJ,1550
GK 206,SONALIKA,SIZE:7.5",BRAKE DISC ACTUATING ASSEMBLY,SONALIKA,1580
GK 207,MASSEY,SIZE:8.75",BRAKE DISC ACTUATING ASSEMBLY,MASSEY,2440
GK 208,FORD,SIZE:8.75",BRAKE DISC ACTUATING ASSEMBLY,FORD,2440
GK 209,HMT,SIZE:6.5",BRAKE DISC ACTUATING ASSEMBLY,HMT,1290
GK 210,EICHER,SIZE:7",BRAKE DISC ACTUATING ASSEMBLY,EICHER,1460
GK 211,ESCORTS,SIZE:6.5",BRAKE DISC ACTUATING ASSEMBLY,ESCORTS,1110
GK 212,JOHN DEERE,SIZE:10",BRAKE DISC ACTUATING ASSEMBLY,JOHN DEERE,3220
GK 213,SWARAJ (OIB),SIZE:6.5",BRAKE DISC ACTUATING ASSEMBLY,SWARAJ,1530
GK 214,FARMTRAC (OIB),SIZE:8.75",BRAKE DISC ACTUATING ASSEMBLY,FARMTRAC,3100
GK 215,NEW HOLLAND (OIB),SIZE:6.5",BRAKE DISC ACTUATING ASSEMBLY,NEW HOLLAND,1530
GK 216,MASSEY (OIB),SIZE:8.75",BRAKE DISC ACTUATING ASSEMBLY,MASSEY,3100
GK 217,MKM (OIB),SIZE:6.5",BRAKE DISC ACTUATING ASSEMBLY,MKM,1290
GK 218,ARJUN 605,SIZE:7.5",BRAKE DISC ACTUATING ASSEMBLY,ARJUN,1790
GK 225,MAHINDRA,,BRAKE DISC PLATE,MAHINDRA,325
GK 225 A,MAHINDRA O/S,,BRAKE DISC PLATE,MAHINDRA,340
GK 226,SWARAJ 735,,BRAKE DISC PLATE,SWARAJ,335
GK 226 A,SWARAJ 735 O/S,,BRAKE DISC PLATE,SWARAJ,350
GK 227,HMT 3522,,BRAKE DISC PLATE,HMT,335
GK 228,YUVRAJ,,BRAKE DISC PLATE,YUVRAJ,290
GK 229,SONALIKA 18 HOLE,,BRAKE DISC PLATE,SONALIKA,420
GK 230,SONALIKA 20 HOLE,,BRAKE DISC PLATE,SONALIKA,440
GK 230 A,SONALIKA 20 HOLE O/S,,BRAKE DISC PLATE,SONALIKA,455
GK 231,SONALIKA 24 HOLE,,BRAKE DISC PLATE,SONALIKA,440
GK 232,MASSEY,,BRAKE DISC PLATE,MASSEY,640
GK 233,FORD 3610,,BRAKE DISC PLATE,FORD,640
GK 234,SWARAJ 855,,BRAKE DISC PLATE,SWARAJ,420
GK 234 A,SWARAJ 855 O/S,,BRAKE DISC PLATE,SWARAJ,435
GK 235,EICHER,,BRAKE DISC PLATE,EICHER,335
GK 236,ESCORTS 355,,BRAKE DISC PLATE,ESCORTS,335
GK 236 A,ESCORTS 355 O/S,,BRAKE DISC PLATE,ESCORTS,350
GK 237,MASSEY DURO,,BRAKE DISC PLATE,MASSEY,640
GK 238,FARMTRAC 60,,BRAKE DISC PLATE,FARMTRAC,640
GK 239,MAHINDRA 585 (18 HOLE),,BRAKE DISC PLATE,MAHINDRA,420
GK 240,"EICHER 7" (18 HOLE )",,BRAKE DISC PLATE,EICHER,420
GK 241,ARJUN 24 HOLE,,BRAKE DISC PLATE,ARJUN,440
GK 242,MASSEY 245 (49 TEETH),,BRAKE DISC PLATE,MASSEY,640
GK 243,"POWERTRAC  7",,BRAKE DISC PLATE,POWERTRAC,420
GK 245,MAHINDRA,,BRAKE DISC PLATE (NON ASBESTOS),MAHINDRA,440
GK 246,MAHINDRA 585 (18 HOLE),,BRAKE DISC PLATE (NON ASBESTOS),MAHINDRA,560
GK 247,ARJUN 24 HOLE,,BRAKE DISC PLATE (NON ASBESTOS),ARJUN,610
GK 248,SWARAJ 735,,BRAKE DISC PLATE (NON ASBESTOS),SWARAJ,460
GK 249,SWARAJ 855,,BRAKE DISC PLATE (NON ASBESTOS),SWARAJ,560
GK 250,SONALIKA 18 HOLE,,BRAKE DISC PLATE (NON ASBESTOS),SONALIKA,560
GK 251,SONALIKA 20 HOLE,,BRAKE DISC PLATE (NON ASBESTOS),SONALIKA,610
GK 252,SONALIKA 24 HOLE,,BRAKE DISC PLATE (NON ASBESTOS),SONALIKA,610
GK 253,MASSEY,,BRAKE DISC PLATE (NON ASBESTOS),MASSEY,760
GK 254,FORD,,BRAKE DISC PLATE (NON ASBESTOS),FORD,760
GK 255,MASSEY DURO,,BRAKE DISC PLATE (NON ASBESTOS),MASSEY,760
GK 256,EICHER,,BRAKE DISC PLATE (NON ASBESTOS),EICHER,460
GK 257,ESCORTS 355,,BRAKE DISC PLATE (NON ASBESTOS),ESCORTS,460
GK 258,HMT 3522,,BRAKE DISC PLATE (NON ASBESTOS),HMT,460
GK 260,MAHINDRA,QTY.:Set of 4 Pcs.,BRAKE DISC,MAHINDRA,205
GK 260 A,MAHINDRA O/S,QTY.:Set of 4 Pcs.,BRAKE DISC,MAHINDRA,230
GK 261,SWARAJ 735,QTY.:Set of 4 Pcs.,BRAKE DISC,SWARAJ,215
GK 261 A,SWARAJ 735 O/S,QTY.:Set of 4 Pcs.,BRAKE DISC,SWARAJ,240
GK 262,HMT 3522,QTY.:Set of 4 Pcs.,BRAKE DISC,HMT,205
GK 263,YUVRAJ,QTY.:Set of 4 Pcs.,BRAKE DISC,YUVRAJ,175
GK 264,SONALIKA 18 HOLE,QTY.:Set of 4 Pcs.,BRAKE DISC,SONALIKA,260
GK 265,SONALIKA 20 HOLE,QTY.:Set of 4 Pcs.,BRAKE DISC,SONALIKA,285
GK 265 A,SONALIKA 20 HOLE O/S,QTY.:Set of 4 Pcs.,BRAKE DISC,SONALIKA,315
GK 266,SONALIKA 24 HOLE,QTY.:Set of 4 Pcs.,BRAKE DISC,SONALIKA,285
GK 267,MASSEY,QTY.:Set of 4 Pcs.,BRAKE DISC,MASSEY,360
GK 267 A,MASSEY O/S,QTY.:Set of 4 Pcs.,BRAKE DISC,MASSEY,390
GK 268,FORD 3610,QTY.:Set of 4 Pcs.,BRAKE DISC,FORD,360
GK 268 A,FORD 3610 O/S,QTY.:Set of 4 Pcs.,BRAKE DISC,FORD,390
GK 269,SWARAJ 855,QTY.:Set of 4 Pcs.,BRAKE DISC,SWARAJ,260
GK 269 A,SWARAJ 855 O/S,QTY.:Set of 4 Pcs.,BRAKE DISC,SWARAJ,290
GK 270,EICHER,QTY.:Set of 4 Pcs.,BRAKE DISC,EICHER,205
GK 271,ESCORTS 355,QTY.:Set of 4 Pcs.,BRAKE DISC,ESCORTS,205
GK 272,MASSEY DURO,QTY.:Set of 4 Pcs.,BRAKE DISC,MASSEY,360
GK 273,FARMTRAC 60,QTY.:Set of 4 Pcs.,BRAKE DISC,FARMTRAC,360
GK 274,MAHINDRA 585 (18 HOLE),QTY.:Set of 4 Pcs.,BRAKE DISC,MAHINDRA,260
GK 275,EICHER HIRA,QTY.:Set of 4 Pcs.,BRAKE DISC,EICHER,205
GK 276,ARJUN 24 HOLE,QTY.:Set of 4 Pcs.,BRAKE DISC,ARJUN,285
GK 277,ARJUN 12 HOLE,QTY.:Set of 4 Pcs.,BRAKE DISC,ARJUN,250
GK 282,MAHINDRA,QTY.:Set of 4 Pcs.,BRAKE DISC (NON ASBESTOS),MAHINDRA,520
GK 283,ARJUN 24 HOLE,QTY.:Set of 4 Pcs.,BRAKE DISC (NON ASBESTOS),ARJUN,700
GK 284,SWARAJ 735,QTY.:Set of 4 Pcs.,BRAKE DISC (NON ASBESTOS),SWARAJ,530
GK 285,SWARAJ 855,QTY.:Set of 4 Pcs.,BRAKE DISC (NON ASBESTOS),SWARAJ,650
GK 286,SONALIKA 18 HOLE,QTY.:Set of 4 Pcs.,BRAKE DISC (NON ASBESTOS),SONALIKA,650
GK 287,SONALIKA 20 HOLE,QTY.:Set of 4 Pcs.,BRAKE DISC (NON ASBESTOS),SONALIKA,700
GK 288,SONALIKA 24 HOLE,QTY.:Set of 4 Pcs.,BRAKE DISC (NON ASBESTOS),SONALIKA,700
GK 289,MASSEY / FORD 3610,QTY.:Set of 4 Pcs.,BRAKE DISC (NON ASBESTOS),MASSEY,720
GK 290,MASSEY DURO,QTY.:Set of 4 Pcs.,BRAKE DISC (NON ASBESTOS),MASSEY,720
GK 295,HMT 2511,,BRAKE SHOE WITH LINING,HMT,450
GK 296,HMT 5911,,BRAKE SHOE WITH LINING,HMT,580
GK 297,MASSEY 1035,,BRAKE SHOE WITH LINING,MASSEY,600
GK 298,FORD,,BRAKE SHOE WITH LINING,FORD,530
GK 301,HMT 2511,QTY.:Set of 4 Pcs.,BRAKE LINING,HMT,230
GK 301 A,HMT 2511 RIGID,QTY.:Set of 4 Pcs.,BRAKE LINING,HMT,280
GK 302,HMT 5911,QTY.:Set of 4 Pcs.,BRAKE LINING,HMT,270
GK 303,MASSEY 1035 STD.,QTY.:Set of 4 Pcs.,BRAKE LINING,MASSEY,280
GK 303 A,MASSEY 1035 1st O/S (1/32),QTY.:Set of 4 Pcs.,BRAKE LINING,MASSEY,290
GK 303 B,MASSEY 1035 2nd O/S (1/16),QTY.:Set of 4 Pcs.,BRAKE LINING,MASSEY,300
GK 304,FORD STD.,QTY.:Set of 4 Pcs.,BRAKE LINING,FORD,235
GK 304 A,FORD 1st O/S (1/32),QTY.:Set of 4 Pcs.,BRAKE LINING,FORD,245
GK 304 B,FORD 2nd O/S (1/16),QTY.:Set of 4 Pcs.,BRAKE LINING,FORD,255
GK 305,MASSEY RIGID,QTY.:Set of 4 Pcs.,BRAKE LINING,MASSEY,350
GK 306,EICHER N/M,QTY.:Set of 4 Pcs.,BRAKE LINING,EICHER,200
GK 307,ESCORTS 325 / 355,QTY.:Set of 4 Pcs.,BRAKE LINING,ESCORTS,240
GK 310,SARPANCH 6 SPRING 585 DI / 605 DI LUK TYPE,SIZE:11";TEETH:10",CLUTCH PLATE (NON ASBESTOS),SARPANCH,2050
GK 311,SARPANCH 5 SPRING VALEO TYPE 585 DI / 605 DI,SIZE:11";TEETH:10",CLUTCH PLATE (NON ASBESTOS),SARPANCH,1950
GK 312,MAHINDRA 585 DI PTO,SIZE:9";TEETH:10",CLUTCH PLATE (NON ASBESTOS),MAHINDRA,1150
GK 313,MAHINDRA B-275,SIZE:10";TEETH:10",CLUTCH PLATE (NON ASBESTOS),MAHINDRA,1005
GK 314,MAHINDRA 475 DI / 265 DI SPRING TYPE,SIZE:10";TEETH:10",CLUTCH PLATE (NON ASBESTOS),MAHINDRA,1290
GK 315,M&M DI  / MF DI DISH TYPE (AMREP TYPE),SIZE:11";TEETH:10",CLUTCH PLATE (NON ASBESTOS),M&M,1830
GK 316,MAHINDRA 575 DI (CLOSE TYPE) O.E,SIZE:11";TEETH:10",CLUTCH PLATE (NON ASBESTOS),MAHINDRA,1950
GK 316 A,MAHINDRA 575 DI (CLOSE TYPE),SIZE:11";TEETH:10",CLUTCH PLATE (NON ASBESTOS),MAHINDRA,1780
GK 317,MAHINDRA 434 DI (SPRING TYPE),SIZE:11";TEETH:10",CLUTCH PLATE (NON ASBESTOS),MAHINDRA,1580
GK 318,MAHINDRA YUVRAJ,SIZE:8";TEETH:24",CLUTCH PLATE (NON ASBESTOS),MAHINDRA,1250
GK 319,MAHINDRA 434 DI RIGID,SIZE:11";TEETH:10",CLUTCH PLATE (NON ASBESTOS),MAHINDRA,1220
GK 320,MAHINDRA YUVO,SIZE:11";TEETH:10",CLUTCH PLATE (NON ASBESTOS),MAHINDRA,2050
GK 324,SARTAJ / SWARAJ 720 SPRING TYPE,SIZE:8.5";TEETH:8",CLUTCH PLATE (NON ASBESTOS),SARTAJ,980
GK 325,SWARAJ 724,SIZE:9.25";TEETH:8",CLUTCH PLATE (NON ASBESTOS),SWARAJ,1005
GK 326,SWARAJ 735,SIZE:10";TEETH:8",CLUTCH PLATE (NON ASBESTOS),SWARAJ,1005
GK 327,SWARAJ 855 / 735 FE (SPRING TYPE),SIZE:11";TEETH:8",CLUTCH PLATE (NON ASBESTOS),SWARAJ,1580
GK 328,SWARAJ 855 (RIGID & CUSHION TYPE),SIZE:11";TEETH:8",CLUTCH PLATE (NON ASBESTOS),SWARAJ,1300
GK 329,SWARAJ 855 RIGID,SIZE:11";TEETH:8",CLUTCH PLATE (NON ASBESTOS),SWARAJ,1270
GK 330,SWARAJ 855 PTO,SIZE:11";TEETH:12",CLUTCH PLATE (NON ASBESTOS),SWARAJ,1270
GK 331,SWARAJ 855 SPRING TYPE,SIZE:12.25";TEETH:8",CLUTCH PLATE (NON ASBESTOS),SWARAJ,2190
GK 332,SWARAJ 855 VALEO TYPE RIGID,SIZE:11";TEETH:8",CLUTCH PLATE (NON ASBESTOS),SWARAJ,1500
GK 333,SWARAJ DIAPHRAGM TYPE 5 SPRING VALEO TYPE,SIZE:11";TEETH:8",CLUTCH PLATE (NON ASBESTOS),SWARAJ,1950
GK 338,FERGUSON 135 / 245 COOPA TYPE,SIZE:12";TEETH:10",CLUTCH PLATE (NON ASBESTOS),FERGUSON,1720
GK 339,FERGUSON P3,SIZE:10";TEETH:10",CLUTCH PLATE (NON ASBESTOS),FERGUSON,1005
GK 340,FERGUSON IMT PTO,SIZE:9";TEETH:10",CLUTCH PLATE (NON ASBESTOS),FERGUSON,1250
GK 341,FERGUSON IMT 533 / 555 / 504 COOPA TYPE,SIZE:11";TEETH:10",CLUTCH PLATE (NON ASBESTOS),FERGUSON,1820
GK 342,MASSEY DI ( CLOSE TYPE) O.E,SIZE:11";TEETH:10",CLUTCH PLATE (NON ASBESTOS),MASSEY,1950
GK 342 A,MASSEY DI ( CLOSE TYPE),SIZE:11";TEETH:10",CLUTCH PLATE (NON ASBESTOS),MASSEY,1780
GK 343,MASSEY 135 / 245 PTO (W/O SPRING),SIZE:10";TEETH:25",CLUTCH PLATE (NON ASBESTOS),MASSEY,1200
GK 344,MASSEY 135 / 245 PTO (SPRING TYPE),SIZE:10";TEETH:25",CLUTCH PLATE (NON ASBESTOS),MASSEY,1580
GK 345,MASSEY DI (SPRING TYPE),SIZE:11";TEETH:10",CLUTCH PLATE (NON ASBESTOS),MASSEY,1580
GK 346,TAFE-25,SIZE:9.25";TEETH:10",CLUTCH PLATE (NON ASBESTOS),TAFE,1250
GK 347,MASSEY MAHAN (RIGID),SIZE:11";TEETH:10",CLUTCH PLATE (NON ASBESTOS),MASSEY,1700
GK 349,HINDUSTAN G-453,SIZE:11";TEETH:16",CLUTCH PLATE (NON ASBESTOS),HINDUSTAN,1280
GK 350,HMT PTO RIGID,SIZE:11";TEETH:28",CLUTCH PLATE (NON ASBESTOS),HMT,1280
GK 351,HMT 2011 / 2511 / 3511,SIZE:11";TEETH:16",CLUTCH PLATE (NON ASBESTOS),HMT,1250
GK 352,HMT 5911,SIZE:11";TEETH:18",CLUTCH PLATE (NON ASBESTOS),HMT,1250
GK 353,HMT 4022  (24 HOLE),SIZE:12";TEETH:18",CLUTCH PLATE (NON ASBESTOS),HMT,1500
GK 354,HMT 4022 PTO,SIZE:12";TEETH:28",CLUTCH PLATE (NON ASBESTOS),HMT,1500
GK 355,HMT 5911 LOADER O/S 6.0 MM,SIZE:11";TEETH:18",CLUTCH PLATE (NON ASBESTOS),HMT,1380
GK 357,EICHER 485 (SPRING TYPE),SIZE:11";TEETH:10",CLUTCH PLATE (NON ASBESTOS),EICHER,1580
GK 358,EICHER 364 NC,SIZE:10";TEETH:10",CLUTCH PLATE (NON ASBESTOS),EICHER,1005
GK 359,EICHER SONA / EICHER 312 (VEER PRATAP),SIZE:10";TEETH:10",CLUTCH PLATE (NON ASBESTOS),EICHER,1005
GK 360,EICHER L/M (RIGID & CUSHION TYPE),SIZE:9.25";TEETH:10",CLUTCH PLATE (NON ASBESTOS),EICHER,1005
GK 361,EICHER O/M W/O SPRING,SIZE:8.75";TEETH:10",CLUTCH PLATE (NON ASBESTOS),EICHER,1005
GK 362,EICHER N/M (SPRING & OPEN TYPE),SIZE:9.25";TEETH:10",CLUTCH PLATE (NON ASBESTOS),EICHER,1170
GK 363,EICHER N/M (CLOSE TYPE),SIZE:9.25";TEETH:10",CLUTCH PLATE (NON ASBESTOS),EICHER,1210
GK 364,EICHER DIAPHRAGM (SPRING TYPE),SIZE:11";TEETH:10",CLUTCH PLATE (NON ASBESTOS),EICHER,1950
GK 368,SONALIKA 740 DI (RIGID & CUSHION TYPE),SIZE:11";TEETH:8",CLUTCH PLATE (NON ASBESTOS),SONALIKA,1300
GK 369,SONALIKA DI (RIGID & CUSHION TYPE),SIZE:11.5";TEETH:8",CLUTCH PLATE (NON ASBESTOS),SONALIKA,1500
GK 375,FARMTRAC 60 RIGID,SIZE:12";TEETH:10",CLUTCH PLATE (NON ASBESTOS),FARMTRAC,1350
GK 376,FARMTRAC PTO,SIZE:11";TEETH:29",CLUTCH PLATE (NON ASBESTOS),FARMTRAC,1450
GK 377,FARMTRAC 60 SPRING TYPE,SIZE:12";TEETH:10",CLUTCH PLATE (NON ASBESTOS),FARMTRAC,1900
GK 378,FARMTRAC 45 RIGID,SIZE:11";TEETH:10",CLUTCH PLATE (NON ASBESTOS),FARMTRAC,1330
GK 379,FARMTRAC 45 PTO (SPRING TYPE),SIZE:8.5";TEETH:10",CLUTCH PLATE (NON ASBESTOS),FARMTRAC,1005
GK 380,ESCORTS C-345,SIZE:10";TEETH:10",CLUTCH PLATE (NON ASBESTOS),ESCORTS,1005
GK 381,ESCORTS 335 / 3036,SIZE:10";TEETH:10",CLUTCH PLATE (NON ASBESTOS),ESCORTS,1005
GK 382,ESCORTS 355 LOADER BIG HOLE,SIZE:11";TEETH:10",CLUTCH PLATE (NON ASBESTOS),ESCORTS,1730
GK 383,ESCORTS 355 LOADER SMALL HOLE,SIZE:11";TEETH:10",CLUTCH PLATE (NON ASBESTOS),ESCORTS,1730
GK 384,ESCORTS C-340 / POWERTRAC (SPRING TYPE),SIZE:11";TEETH:10",CLUTCH PLATE (NON ASBESTOS),ESCORTS,1650
GK 384 A,ESCORTS C-340 / POWERTRAC LUK TYPE  (6 SPRING),SIZE:11";TEETH:10",CLUTCH PLATE (NON ASBESTOS),ESCORTS,1950
GK 385,FORD 3000 / 3600 (SPRING TYPE),SIZE:11";TEETH:10",CLUTCH PLATE (NON ASBESTOS),FORD,1580
GK 386,FORD 3000 / 3600 RIGID,SIZE:11'';TEETH:10,CLUTCH PLATE (NON ASBESTOS),FORD,1350
GK 387,FORD DIAPHRAGM SPRING TYPE,SIZE:11'';TEETH:10,CLUTCH PLATE (NON ASBESTOS),FORD,1950
GK 393,NEW HOLLAND 3230 SPRING TYPE,SIZE:9.5'';TEETH:10,CLUTCH PLATE (NON ASBESTOS),NEW HOLLAND,1300
GK 394,NEW HOLLAND RIGID,SIZE:11'';TEETH:10,CLUTCH PLATE (NON ASBESTOS),NEW HOLLAND,1300
GK 395,NEW HOLLAND RIGID,SIZE:11'';TEETH:14,CLUTCH PLATE (NON ASBESTOS),NEW HOLLAND,1300
GK 396,NEW HOLLAND 3630 SPRING TYPE,SIZE:11'';TEETH:10,CLUTCH PLATE (NON ASBESTOS),NEW HOLLAND,1700
GK 397,NEW HOLLAND 3630 SPRING TYPE,SIZE:11'';TEETH:14,CLUTCH PLATE (NON ASBESTOS),NEW HOLLAND,1700
GK 398,NEW HOLLAND PTO,SIZE:11'';TEETH:10,CLUTCH PLATE (NON ASBESTOS),NEW HOLLAND,1500
GK 401,STANDARD (SPRING TYPE),SIZE:11'';TEETH:8,CLUTCH PLATE (NON ASBESTOS),STANDARD,1580
GK 402,STANDARD (W/O SPRING),SIZE:11'';TEETH:8,CLUTCH PLATE (NON ASBESTOS),STANDARD,1300
GK 403,SAME GREAVES,SIZE:11'';TEETH:20,CLUTCH PLATE (NON ASBESTOS),GREAVES,1650
GK 406,JOHN DEERE (SPRING TYPE),SIZE:11'';TEETH:13,CLUTCH PLATE (NON ASBESTOS),JOHN DEERE,1700
GK 407,JOHN DEERE (W/O SPRING),SIZE:11'';TEETH:13,CLUTCH PLATE (NON ASBESTOS),JOHN DEERE,1250
GK 431,SARPANCH 5 SPRING VALEO TYPE 585 DI / 605 DI,SIZE:11";TEETH:10",CLUTCH PLATE (ASBESTOS),SARPANCH,1750
GK 432,MAHINDRA 585 DI PTO,SIZE:9";TEETH:10",CLUTCH PLATE (ASBESTOS),MAHINDRA,850
GK 433,MAHINDRA B-275,SIZE:10";TEETH:10",CLUTCH PLATE (ASBESTOS),MAHINDRA,800
GK 434,MAHINDRA 475 DI / 265 DI SPRING TYPE,SIZE:10";TEETH:10",CLUTCH PLATE (ASBESTOS),MAHINDRA,1020
GK 435,M&M DI / MF DI DISH TYPE (AMREP TYPE),SIZE:11";TEETH:10",CLUTCH PLATE (ASBESTOS),M&M,1600
GK 436,MAHINDRA 575  DI (CLOSE TYPE),SIZE:11";TEETH:10",CLUTCH PLATE (ASBESTOS),MAHINDRA,1810
GK 437,MAHINDRA 434 DI (SPRING TYPE),SIZE:11";TEETH:10",CLUTCH PLATE (ASBESTOS),MAHINDRA,1400
GK 438,MAHINDRA 434 DI RIGID,SIZE:11";TEETH:10",CLUTCH PLATE (ASBESTOS),MAHINDRA,1060
GK 441,SWARAJ 724,SIZE:9.25";TEETH:8",CLUTCH PLATE (ASBESTOS),SWARAJ,750
GK 442,SWARAJ 735,SIZE:10";TEETH:8",CLUTCH PLATE (ASBESTOS),SWARAJ,800
GK 443,SWARAJ 855 / 735  FE (SPRING TYPE),SIZE:11";TEETH:8",CLUTCH PLATE (ASBESTOS),SWARAJ,1400
GK 444,SWARAJ 855 (RIGID & CUSHION TYPE),SIZE:11";TEETH:8",CLUTCH PLATE (ASBESTOS),SWARAJ,1050
GK 445,SWARAJ 855 RIGID,SIZE:11";TEETH:8",CLUTCH PLATE (ASBESTOS),SWARAJ,980
GK 446,SWARAJ 855 PTO,SIZE:11";TEETH:12",CLUTCH PLATE (ASBESTOS),SWARAJ,980
GK 447,SWARAJ 855 SPRING TYPE,SIZE:12.25";TEETH:8",CLUTCH PLATE (ASBESTOS),SWARAJ,1790
GK 448,SWARAJ DIAPHRAGM TYPE 5 SPRING VALEO TYPE,SIZE:11";TEETH:8",CLUTCH PLATE (ASBESTOS),SWARAJ,1750
GK 451,FERGUSON 135 / 245 COOPA TYPE,SIZE:12'';TEETH:10,CLUTCH PLATE (ASBESTOS),FERGUSON,1400
GK 452,FERGUSON P3,SIZE:10'';TEETH:10,CLUTCH PLATE (ASBESTOS),FERGUSON,800
GK 453,FERGUSON IMT PTO,SIZE:9'';TEETH:10,CLUTCH PLATE (ASBESTOS),FERGUSON,920
GK 454,FERGUSON IMT 533 / 555 / 504 COOPA TYPE,SIZE:11'';TEETH:10,CLUTCH PLATE (ASBESTOS),FERGUSON,1500
GK 455,MASSEY DI (SPRING & CLOSE TYPE),SIZE:11'';TEETH:10,CLUTCH PLATE (ASBESTOS),MASSEY,1810
GK 456,MASSEY 135 / 245 PTO (W/O SPRING),SIZE:10'';TEETH:25,CLUTCH PLATE (ASBESTOS),MASSEY,900
GK 457,MASSEY 135 / 245 PTO (SPRING TYPE),SIZE:10'';TEETH:25,CLUTCH PLATE (ASBESTOS),MASSEY,1200
GK 458,MASSEY DI (SPRING TYPE),SIZE:11'';TEETH:10,CLUTCH PLATE (ASBESTOS),MASSEY,1400
GK 461,HINDUSTAN G-453,SIZE:11'';TEETH:16,CLUTCH PLATE (ASBESTOS),HINDUSTAN,980
GK 462,HMT PTO RIGID,SIZE:11'';TEETH:28,CLUTCH PLATE (ASBESTOS),HMT,950
GK 463,HMT 2011 / 2511 / 3511,SIZE:11'';TEETH:16,CLUTCH PLATE (ASBESTOS),HMT,950
GK 464,HMT 5911,SIZE:11'';TEETH:18,CLUTCH PLATE (ASBESTOS),HMT,950
GK 465,HMT 4022 24 HOLE,SIZE:12";TEETH:18",CLUTCH PLATE (ASBESTOS),HMT,1080
GK 466,HMT 4022 PTO,SIZE:12";TEETH:28",CLUTCH PLATE (ASBESTOS),HMT,1080
GK 467,HMT 5911 LOADER O/S 6.0 MM,SIZE:11'';TEETH:18,CLUTCH PLATE (ASBESTOS),HMT,990
GK 468,HMT 5911 PTO PLATE 3011 LIFT BIG 6 HOLE RIGID,SIZE:11'';TEETH:28,CLUTCH PLATE (ASBESTOS),HMT,990
GK 471,EICHER 485 (SPRING TYPE),SIZE:11'';TEETH:10,CLUTCH PLATE (ASBESTOS),EICHER,1400
GK 472,EICHER 364 NC,SIZE:10'';TEETH:10,CLUTCH PLATE (ASBESTOS),EICHER,800
GK 473,EICHER SONA / EICHER 312 (VEER PRATAP),SIZE:10'';TEETH:10,CLUTCH PLATE (ASBESTOS),EICHER,800
GK 474,EICHER L/M (RIGID & CUSHION TYPE),SIZE:9.25'';TEETH:10,CLUTCH PLATE (ASBESTOS),EICHER,800
GK 475,EICHER O/M,SIZE:9'';TEETH:10,CLUTCH PLATE (ASBESTOS),EICHER,800
GK 476,EICHER N/M (SPRING & OPEN TYPE),SIZE:9.25'';TEETH:10,CLUTCH PLATE (ASBESTOS),EICHER,1020
GK 477,EICHER N/M (CLOSE TYPE),SIZE:9.25'';TEETH:10,CLUTCH PLATE (ASBESTOS),EICHER,1060
GK 480,SONALIKA 740 DI (RIGID & CUSHION TYPE),SIZE:11'';TEETH:8,CLUTCH PLATE (ASBESTOS),SONALIKA,1050
GK 481,SONALIKA DI (RIGID & CUSHION TYPE),SIZE:11.5'';TEETH:8,CLUTCH PLATE (ASBESTOS),SONALIKA,1200
GK 485,FARMTRAC 60 RIGID,SIZE:12'';TEETH:10,CLUTCH PLATE (ASBESTOS),FARMTRAC,1050
GK 486,FARMTRAC P.T.O,SIZE:11'';TEETH:29,CLUTCH PLATE (ASBESTOS),FARMTRAC,1450
GK 487,FARMTRAC 60 SPRING TYPE,SIZE:12'';TEETH:10,CLUTCH PLATE (ASBESTOS),FARMTRAC,1820
GK 488,FARMTRAC 45 RIGID,SIZE:11'';TEETH:10,CLUTCH PLATE (ASBESTOS),FARMTRAC,910
GK 489,FARMTRAC 45 P.T.O SPRING TYPE,SIZE:8.5'';TEETH:10,CLUTCH PLATE (ASBESTOS),FARMTRAC,770
GK 490,ESCORTS C-345,SIZE:10'';TEETH:10,CLUTCH PLATE (ASBESTOS),ESCORTS,800
GK 491,ESCORTS 335/ 3036,SIZE:10'';TEETH:10,CLUTCH PLATE (ASBESTOS),ESCORTS,800
GK 492,ESCORTS 355 LOADER (BIG HOLE),SIZE:11'';TEETH:10,CLUTCH PLATE (ASBESTOS),ESCORTS,1500
GK 493,ESCORTS 355 LOADER (SMALL HOLE),SIZE:11'';TEETH:10,CLUTCH PLATE (ASBESTOS),ESCORTS,1500
GK 494,ESCORTS C-340 / POWERTRAC (SPRING TYPE),SIZE:11'';TEETH:10,CLUTCH PLATE (ASBESTOS),ESCORTS,1420
GK 495,FORD 3000 / 3600 (SPRING  TYPE),SIZE:11'';TEETH:10,CLUTCH PLATE (ASBESTOS),FORD,1400
GK 496,FORD 3000 / 3600 RIGID,SIZE:11'';TEETH:10,CLUTCH PLATE (ASBESTOS),FORD,1060
GK 500,MASSEY FERGUSON 1035 / INTER B-275 / EICHER NC,SIZE:10'';HOLE:40,CLUTCH FACINGS (NON ASBESTOS),MASSEY,410
GK 501,MASSEY DI / FORD / 735 FE / EICHER 369 / 434 / 575 DI,SIZE:11'';HOLE:36,CLUTCH FACINGS (NON ASBESTOS),MASSEY,490
GK 502,MASSEY 245 (COOPA TYPE),SIZE:12'';HOLE:40,CLUTCH FACINGS (NON ASBESTOS),MASSEY,620
GK 503,ESCORTS 335 / 345 / 735 / SONA / 245 PTO,SIZE:10'';HOLE:24,CLUTCH FACINGS (NON ASBESTOS),ESCORTS,410
GK 504,POWERTRAC / ESCORTS 340 / TATA E. MODEL (4 MM),SIZE:11'';HOLE:36,CLUTCH FACINGS (NON ASBESTOS),POWERTRAC,560
GK 505,HMT 2011 / 3011 / 3511 / 5911 / SWARAJ 855 PTO / FT-60 PTO,SIZE:11'';HOLE:18,CLUTCH FACINGS (NON ASBESTOS),HMT,490
GK 506,ZETOR 4511 N/M FT-60 MAIN,SIZE:12'';HOLE:18,CLUTCH FACINGS (NON ASBESTOS),ZETOR,620
GK 507,ZETOR 4022,SIZE:12'';HOLE:24,CLUTCH FACINGS (NON ASBESTOS),ZETOR,620
GK 508,EICHER O/M / IMT PTO,SIZE:9'';HOLE:32,CLUTCH FACINGS (NON ASBESTOS),EICHER,370
GK 509,EICHER N/M / 724 / JEEP DIESEL,SIZE:9.25'';HOLE:36,CLUTCH FACINGS (NON ASBESTOS),EICHER,370
GK 510,SWARAJ 855 FE / GB-40,SIZE:12.25'';HOLE:36,CLUTCH FACINGS (NON ASBESTOS),SWARAJ,650
GK 511,SWARAJ 720 / JEEP WILLY,SIZE:8.5'';HOLE:16,CLUTCH FACINGS (NON ASBESTOS),SWARAJ,370
GK 512,SONALIKA,SIZE:11.5'';HOLE:36,CLUTCH FACINGS (NON ASBESTOS),SONALIKA,620
GK 513,SARPANCH / ARJUN VALEO TYPE,SIZE:11'';HOLE:36,CLUTCH FACINGS (NON ASBESTOS),SARPANCH,560
GK 514,MAHINDRA ARJUN LUK TYPE / SAME GREAVES,SIZE:11'';HOLE:40,CLUTCH FACINGS (NON ASBESTOS),MAHINDRA,560
GK 515,NEW HOLLAND 3230 / SCORPIO,SIZE:9.5'';HOLE:36,CLUTCH FACINGS (NON ASBESTOS),NEW HOLLAND,400
GK 520,MASSEY FERGUSON 1035 / INTER B-275 / EICHER NC,SIZE:10'';HOLE:40,CLUTCH FACINGS (ASBESTOS),MASSEY,200
GK 521,MASSEY DI / FORD / 735 FE / EICHER 369 / 434 / 575 DI,SIZE:11'';HOLE:36,CLUTCH FACINGS (ASBESTOS),MASSEY,240
GK 522,MASSEY 245 (COOPA TYPE),SIZE:12'';HOLE:40,CLUTCH FACINGS (ASBESTOS),MASSEY,310
GK 523,ESCORTS 335 / 345 / 735 / SONA / 245 PTO,SIZE:10'';HOLE:24,CLUTCH FACINGS (ASBESTOS),ESCORTS,200
GK 524,POWERTRAC / ESCORTS / 340 / TATA E. MODEL (4 MM),SIZE:11'';HOLE:36,CLUTCH FACINGS (ASBESTOS),POWERTRAC,260
GK 525,HMT 2011 / 3011 / 3511 / 5911 / SWARAJ 855 PTO / FT-60 PTO,SIZE:11'';HOLE:18,CLUTCH FACINGS (ASBESTOS),HMT,240
GK 526,ZETOR 4511 N/M / FT-60 MAIN,SIZE:12'';HOLE:18,CLUTCH FACINGS (ASBESTOS),ZETOR,310
GK 527,ZETOR 4022,SIZE:12'';HOLE:24,CLUTCH FACINGS (ASBESTOS),ZETOR,310
GK 528,EICHER O/M / IMT PTO,SIZE:9'';HOLE:32,CLUTCH FACINGS (ASBESTOS),EICHER,180
GK 529,EICHER N/M / 724 / JEEP DIESEL,SIZE:9.25'';HOLE:36,CLUTCH FACINGS (ASBESTOS),EICHER,155
GK 530,SWARAJ 855 FE / GB-40,SIZE:12.25'';HOLE:36,CLUTCH FACINGS (ASBESTOS),SWARAJ,280
GK 531,SWARAJ 720 / JEEP WILLY,SIZE:8.5'';HOLE:16,CLUTCH FACINGS (ASBESTOS),SWARAJ,155
GK 532,SONALIKA,SIZE:11.5'';HOLE:36,CLUTCH FACINGS (ASBESTOS),SONALIKA,310
GK 533,SARPANCH / ARJUN VALEO TYPE,SIZE:11'';HOLE:36,CLUTCH FACINGS (ASBESTOS),SARPANCH,260
GK 534,MAHINDRA ARJUN LUK TYPE / SAME GREAVES,SIZE:11'';HOLE:40,CLUTCH FACINGS (ASBESTOS),MAHINDRA,260
GK 535,NEW HOLLAND 3230 / SCORPIO,SIZE:9.5'';HOLE:36,CLUTCH FACINGS (ASBESTOS),NEW HOLLAND,155
GK 551,TIE ROD END MAHINDRA DI (R+L),UNIT PER BOX:SET OF 2,TIE ROD END,MAHINDRA,600
GK 552,TIE ROD END MAHINDRA 575 THICK,UNIT PER BOX:1 PCS.,TIE ROD END,MAHINDRA,390
GK 553,TRACK ROD MAHINDRA DI,UNIT PER BOX:1 PCS.,TIE ROD END,MAHINDRA,610
GK 554,TIE ROD END MAHINDRA O/M (R+L),UNIT PER BOX:SET OF 2,TIE ROD END,MAHINDRA,620
GK 555,TIE ROD END MAHINDRA O/M (THICK),UNIT PER BOX:1 PCS.,TIE ROD END,MAHINDRA,410
GK 556,TRACK ROD MAHINDRA O/M,UNIT PER BOX:1 PCS.,TIE ROD END,MAHINDRA,645
GK 557,LONG ROD MAHINDRA DI (OLD DESIGN),UNIT PER BOX:1 PCS.,TIE ROD END,MAHINDRA,865
GK 558,LONG ROD MAHINDRA DI (NEW DESIGN),UNIT PER BOX:1 PCS.,TIE ROD END,MAHINDRA,1010
GK 559,TIE ROD END MKM MANUAL (R+L),UNIT PER BOX:SET OF 2,TIE ROD END,MKM,980
GK 560,TIE ROD END ARJUN 605 MANUAL (3R+1L),UNIT PER BOX:SET OF 4,TIE ROD END,ARJUN,1580
GK 560 A,TIE ROD END ARJUN 605 MANUAL (R+L),UNIT PER BOX:SET OF 2,TIE ROD END,ARJUN,800
GK 561,TIE ROD ASSY. ARJUN 605 (3 BOLT TYPE),UNIT PER BOX:1 SET,TIE ROD END,ARJUN,2450
GK 562,TIE ROD END ARJUN POWER STG. (3 HOLE),UNIT PER BOX:1 PCS.,TIE ROD END,ARJUN,760
GK 563,BALL JOINT ARJUN POWER STG. FOR 3 HOLE END,UNIT PER BOX:1 PCS.,TIE ROD END,ARJUN,780
GK 564,TIE ROD ASSY. MKM (80 MM),UNIT PER BOX:1 SET,TIE ROD END,MKM,1610
GK 565,TIE ROD END MKM POWER STG.,UNIT PER BOX:1 PCS.,TIE ROD END,MKM,420
GK 566,BALL JOINT MKM POWER STG.,UNIT PER BOX:1 PCS.,TIE ROD END,MKM,850
GK 567,TIE ROD ASSY. MKM N/M (100 MM),UNIT PER BOX:1 SET,TIE ROD END,MKM,1690
GK 568,TIE ROD ASSY. MKM L/M (150 MM),UNIT PER BOX:1 SET,TIE ROD END,MKM,1750
GK 569,TIE ROD ASSY. ARJUN C.E,UNIT PER BOX:1 SET,TIE ROD END,ARJUN,1580
GK 570,TIE ROD END ARJUN C.E,UNIT PER BOX:1 PCS.,TIE ROD END,ARJUN,800
GK 571,BALL JOINT ARJUN C.E,UNIT PER BOX:1 PCS.,TIE ROD END,ARJUN,800
GK 572,TIE ROD ASSY. MAHINDRA YUVO,UNIT PER BOX:1 SET,TIE ROD END,MAHINDRA,2670
GK 573,TIE ROD END MAHINDRA YUVO,UNIT PER BOX:1  PCS.,TIE ROD END,MAHINDRA,950
GK 574,BALL JOINT MAHINDRA YUVO,UNIT PER BOX:1 PCS.,TIE ROD END,MAHINDRA,1010
GK 575,TIE ROD ASSY. ARJUN POWER STG. (2 HOLE),UNIT PER BOX:1 SET,TIE ROD END,ARJUN,2200
GK 576,TIE ROD END ARJUN POWER STG.   (2 HOLE),UNIT PER BOX:1 PCS.,TIE ROD END,ARJUN,670
GK 577,BALL JOINT ARJUN POWER STG.  FOR 2 HOLE END,UNIT PER BOX:1 PCS.,TIE ROD END,ARJUN,750
GK 578,TIE ROD END MAHINDRA YUVRAJ 215 (R+L),UNIT PER BOX:SET OF 2,TIE ROD END,MAHINDRA,445
GK 579,TIE ROD END ARJUN NOVO N/M 3 BOLT TYPE (2 HOLE NEAR),UNIT PER BOX:1 PCS.,TIE ROD END,ARJUN,860
GK 580,"TRACK ROD ARJUN POWER STG. LONG (32.5")",UNIT PER BOX:1 PCS.,TIE ROD END,ARJUN,980
GK 581,TIE ROD END ARJUN L/M 3 CUT POWER STG.,UNIT PER BOX:1 PCS.,TIE ROD END,ARJUN,780
GK 600,TIE ROD END SWARAJ 855 (H.D),UNIT PER BOX:SET OF 4,TIE ROD END,SWARAJ,1290
GK 600 A,TIE ROD END SWARAJ 855 (H.D) REAR,UNIT PER BOX:SET OF 2,TIE ROD END,SWARAJ,645
GK 600 B,TIE ROD END SWARAJ 855 (H.D) FRONT,UNIT PER BOX:SET OF 2,TIE ROD END,SWARAJ,645
GK 601,TIE ROD END SWARAJ/SONALIKA STRAIGHT,UNIT PER BOX:SET OF 4,TIE ROD END,SWARAJ,1200
GK 601 A,TIE ROD END SWARAJ/SONALIKA STRAIGHT (REAR),UNIT PER BOX:SET OF 2,TIE ROD END,SWARAJ,600
GK 601 B,TIE ROD END SWARAJ/SONALIKA STRAIGHT (FRONT),UNIT PER BOX:SET OF 2,TIE ROD END,SWARAJ,600
GK 602,TIE ROD END SWARAJ 855 POWER STG.,UNIT PER BOX:SET OF 2,TIE ROD END,SWARAJ,910
GK 603,TRACK ROD SWARAJ POWER STG.,UNIT PER BOX:1 PCS.,TIE ROD END,SWARAJ,960
GK 604,POWER STG. REPAIR KIT SWARAJ,UNIT PER BOX:1 SET,TIE ROD END,SWARAJ,290
GK 605,TIE ROD END SWARAJ 855 POWER STG. (LH),UNIT PER BOX:1 PCS.,TIE ROD END,SWARAJ,470
GK 610,TIE ROD END SONALIKA/SWARAJ (STRAIGHT),UNIT PER BOX:SET OF 4,TIE ROD END,SONALIKA,1200
GK 610 A,TIE ROD END SONALIKA/SWARAJ STRAIGHT (REAR),UNIT PER BOX:SET OF 2,TIE ROD END,SONALIKA,600
GK 610 B,TIE ROD END SONALIKA/SWARAJ STRAIGHT (FRONT),UNIT PER BOX:SET OF 2,TIE ROD END,SONALIKA,600
GK 611,BALL JOINT SONALIKA POWER STG.,UNIT PER BOX:1 PCS.,TIE ROD END,SONALIKA,720
GK 612,TIE ROD END SONALIKA POWER STG. (3 HOLE),UNIT PER BOX:1 PCS.,TIE ROD END,SONALIKA,755
GK 613,TIE ROD END SONALIKA POWER STG. 3 CUT (24.5 MM),UNIT PER BOX:1 PCS.,TIE ROD END,SONALIKA,780
GK 614,TIE ROD END SONALIKA POWER STG. 3 CUT (26 MM),UNIT PER BOX:1 PCS.,TIE ROD END,SONALIKA,755
GK 615,TIE ROD END SONALIKA POWER STG. 3 CUT (28 MM),UNIT PER BOX:1 PCS.,TIE ROD END,SONALIKA,1020
GK 616,TIE ROD END SONALIKA POWER STG. (THREAD TYPE) 45 HP/ 50 HP,UNIT PER BOX:1 PCS.,TIE ROD END,SONALIKA,490
GK 617,POWER STG. REPAIR KIT SONALIKA,UNIT PER BOX:1 SET,TIE ROD END,SONALIKA,290
GK 618,TIE ROD ASSY. SONALIKA  W/THREAD TYPE END (BIG ROD),UNIT PER BOX:1 SET,TIE ROD END,SONALIKA,2300
GK 619,TIE ROD ASSY. SONALIKA  W/CUT TYPE END (SMALL ROD ),UNIT PER BOX:1 SET,TIE ROD END,SONALIKA,2380
GK 620,BALL JOINT SONALIKA POWER STG. N/M,UNIT PER BOX:1 Pcs.,TIE ROD END,SONALIKA,760
GK 625,TIE ROD END JOHN DEERE 5310 (20x1.5) R+L,UNIT PER BOX:SET OF 2,TIE ROD END,JOHN DEERE,690
GK 626,TIE ROD END JOHN DEERE 5203 (24x1.5) R+L,UNIT PER BOX:SET OF 2,TIE ROD END,JOHN DEERE,880
GK 627,TIE ROD ASSY. JOHN DEERE (4X4),UNIT PER BOX:1 SET,TIE ROD END,JOHN DEERE,3770
GK 632,TIE ROD END HMT 2522 (LONG BODY),UNIT PER BOX:SET OF 4,TIE ROD END,HMT,1150
GK 632 A,TIE ROD END HMT 2522 (LONG BODY) REAR,UNIT PER BOX:SET OF 2,TIE ROD END,HMT,575
GK 632 B,TIE ROD END HMT 2522 (LONG BODY) FRONT,UNIT PER BOX:SET OF 2,TIE ROD END,HMT,650
GK 633,TIE ROD END HMT 5911,UNIT PER BOX:SET OF 4,TIE ROD END,HMT,1440
GK 633 A,TIE ROD END HMT 5911 REAR,UNIT PER BOX:SET OF 2,TIE ROD END,HMT,720
GK 633 B,TIE ROD END HMT 5911 FRONT,UNIT PER BOX:SET OF 2,TIE ROD END,HMT,720
GK 634,BALL JOINT HMT 4022 POWER STG.,UNIT PER BOX:1 PCS,TIE ROD END,HMT,780
GK 635,TIE ROD END HMT 4022 POWER STG.,UNIT PER BOX:1 PCS,TIE ROD END,HMT,700
GK 636,TIE ROD ASSY. HMT 4022 POWER STG.,UNIT PER BOX:1 SET,TIE ROD END,HMT,1920
GK 637,TIE ROD END G-453,UNIT PER BOX:SET OF 4,TIE ROD END,HMT,1540
GK 640,TIE ROD END MASSEY 1035 / FORD 3600,UNIT PER BOX:SET OF 4,TIE ROD END,MASSEY,1040
GK 640 A,TIE ROD END MASSEY 1035 / FORD 3600 (REAR),UNIT PER BOX:SET OF 2,TIE ROD END,MASSEY,650
GK 640 B,TIE ROD END MASSEY 1035 / FORD 3600 (FRONT),UNIT PER BOX:SET OF 2,TIE ROD END,MASSEY,410
GK 641,TIE ROD END MASEY P3 DI / MASSEY 245,UNIT PER BOX:SET OF 4,TIE ROD END,MASSEY,1040
GK 641 A,TIE ROD END MASSEY P3 DI / MASSEY 245 (REAR),UNIT PER BOX:SET OF 2,TIE ROD END,MASSEY,650
GK 641 B,TIE ROD END MASSEY P3 DI / MASSEY 245 (FRONT),UNIT PER BOX:SET OF 2,TIE ROD END,MASSEY,410
GK 642,TIE ROD END MASSEY 7250 (MANUAL),UNIT PER BOX:SET OF 4,TIE ROD END,MASSEY,1265
GK 643,TIE ROD END MASSEY 9000 (RH+RH),UNIT PER BOX:SET OF 2,TIE ROD END,MASSEY,910
GK 644,TIE ROD END MASSEY 5900 / MASSEY GAJARAJ,UNIT PER BOX:SET OF 4,TIE ROD END,MASSEY,1900
GK 645,TIE ROD END MASSEY MAHAN FRONT (TRACK ROD ),UNIT PER BOX:SET OF 2,TIE ROD END,MASSEY,1010
GK 646,TIE ROD END MASSEY MAHAN REAR,UNIT PER BOX:SET OF 2,TIE ROD END,MASSEY,670
GK 647,BALL JOINT MASSEY POWER STG.,UNIT PER BOX:1 PCS.,TIE ROD END,MASSEY,760
GK 648,TIE ROD END MASSEY POWER STG. (LONG),UNIT PER BOX:1 PCS.,TIE ROD END,MASSEY,1010
GK 649,TIE ROD ASSY. MASSEY  INNER THREAD,UNIT PER BOX:1 SET,TIE ROD END,MASSEY,2090
GK 655,TIE ROD END EICHER 364 N.C / GOOD EARTH O/M,UNIT PER BOX:SET OF 4,TIE ROD END,EICHER,800
GK 655 A,TIE ROD END EICHER 364 N.C / GOOD EARTH O/M (REAR),UNIT PER BOX:SET OF 2,TIE ROD END,EICHER,410
GK 655 B,TIE ROD END EICHER 364 N.C / GOOD EARTH O/M (FRONT),UNIT PER BOX:SET OF 2,TIE ROD END,EICHER,410
GK 656,TIE ROD END EICHER XTRAC,UNIT PER BOX:SET OF 4,TIE ROD END,EICHER,865
GK 656 A,TIE ROD END EICHER XTRAC (REAR),UNIT PER BOX:SET OF 2,TIE ROD END,EICHER,440
GK 656 B,TIE ROD END EICHER XTRAC (FRONT),UNIT PER BOX:SET OF 2,TIE ROD END,EICHER,440
GK 657,TIE ROD END EICHER 380,UNIT PER BOX:SET OF 4,TIE ROD END,EICHER,1220
GK 658,TIE ROD END EICHER 368 / SONA TYPE,UNIT PER BOX:SET OF 4,TIE ROD END,EICHER,1220
GK 658 A,TIE ROD END EICHER 368 / SONA TYPE (REAR),UNIT PER BOX:SET OF 2,TIE ROD END,EICHER,620
GK 658 B,TIE ROD END EICHER 368 / SONA TYPE (FRONT),UNIT PER BOX:SET OF 2,TIE ROD END,EICHER,620
GK 659,"TIE ROD END EICHER 485 O/M, (2 Pcs. BIG ONLY)",UNIT PER BOX:SET OF 2,TIE ROD END,EICHER,800
GK 660,"TIE ROD END EICHER 485 O/M, (2 Pcs. BIG + 2 PCS. SMALL)",UNIT PER BOX:SET OF 4,TIE ROD END,EICHER,1200
GK 661,"TIE ROD END EICHER 485 O/M, (2 Pcs. SMALL ONLY)",UNIT PER BOX:2 PCS.,TIE ROD END,EICHER,400
GK 662,BALL JOINT  EICHER 5660 POWER STG.,UNIT PER BOX:1 PCS.,TIE ROD END,EICHER,780
GK 663,TIE ROD END EICHER 5660 POWER STG. (3 HOLE),UNIT PER BOX:1 PCS.,TIE ROD END,EICHER,760
GK 664,TIE ROD ASSY. EICHER 5660 (3 HOLE),UNIT PER BOX:1 SET,TIE ROD END,EICHER,2450
GK 670,TIE ROD END ESCORTS 335/ZETOR 2011/SW 735,UNIT PER BOX:SET OF 4,TIE ROD END,ESCORTS,850
GK 670 A,TIE ROD END ESCORTS 335/ZETOR 2011/SW 735 (REAR),UNIT PER BOX:SET OF 2,TIE ROD END,ESCORTS,435
GK 670 B,TIE ROD END ESCORTS 335/ZETOR 2011/SW 735 (FRONT),UNIT PER BOX:SET OF 2,TIE ROD END,ESCORTS,435
GK 671,TIE ROD END POWERTRAC 440 (MANUAL),UNIT PER BOX:SET OF 4,TIE ROD END,POWERTRAC,1220
GK 671 A,TIE ROD END POWERTRAC 440 MANUAL (REAR),UNIT PER BOX:SET OF 2,TIE ROD END,POWERTRAC,620
GK 671 B,TIE ROD END POWERTRAC 440 MANUAL (FRONT),UNIT PER BOX:SET OF 2,TIE ROD END,POWERTRAC,620
GK 672,TIE ROD END POWERTRAC 450 (MANUAL),UNIT PER BOX:SET OF 4,TIE ROD END,POWERTRAC,1220
GK 672 A,TIE ROD END POWERTRAC 450 MANUAL (REAR),UNIT PER BOX:SET OF 2,TIE ROD END,POWERTRAC,620
GK 672 B,TIE ROD END POWERTRAC 450 MANUAL (FRONT),UNIT PER BOX:SET OF 2,TIE ROD END,POWERTRAC,620
GK 673,TIE ROD END  POWERTRAC (2 HOLE) POWER STG.,UNIT PER BOX:1 PCS.,TIE ROD END,POWERTRAC,630
GK 674,TIE ROD END  POWERTRAC (SIDE 2 HOLE) POWER STG.,UNIT PER BOX:1 PCS.,TIE ROD END,POWERTRAC,630
GK 675,BALL JOINT POWERTRAC POWER STG.,UNIT PER BOX:1 PCS.,TIE ROD END,POWERTRAC,720
GK 676,TIE ROD ASSY. POWERTRAC  (2 HOLE TYPE),UNIT PER BOX:1 SET,TIE ROD END,POWERTRAC,2050
GK 677,TRACK ROD POWERTRAC N/M 7 HOLE,UNIT PER BOX:1 PCS.,TIE ROD END,POWERTRAC,1220
GK 678,TRACK ROD POWERTRAC N/M 6 HOLE,UNIT PER BOX:1 PCS.,TIE ROD END,POWERTRAC,1220
GK 682,TIE ROD END FARMTRAC 60 / FORD 3620,UNIT PER BOX:SET OF 4,TIE ROD END,FARMTRAC,1220
GK 682 A,TIE ROD END FARMTRAC 60 / FORD 3620 (REAR),UNIT PER BOX:SET OF 2,TIE ROD END,FARMTRAC,620
GK 682 B,TIE ROD END FARMTRAC 60 / FORD 3620 (FRONT),UNIT PER BOX:SET OF 2,TIE ROD END,FARMTRAC,620
GK 683,TIE ROD END FARMTRAC 70 POWER STG.,UNIT PER BOX:SET OF 3,TIE ROD END,FARMTRAC,940
GK 684,TRACK ROD FARMTRAC 70 (7 HOLE),UNIT PER BOX:1 PCS,TIE ROD END,FARMTRAC,1220
GK 688,TIE ROD END NEW HOLLAND 3230 / 3630 FRONT  (THICK),UNIT PER BOX:1 PCS,TIE ROD END,NEW HOLLAND,410
GK 689,TIE ROD END NEW HOLLAND 3230 / 3630 REAR (RH+LH),UNIT PER BOX:SET OF 2,TIE ROD END,NEW HOLLAND,640
GK 690,"TRACK ROD  NEW HOLLAND 3230 / 3630 SMALL 18",UNIT PER BOX:1 PCS,TIE ROD END,NEW HOLLAND,780
GK 691,"TRACK ROD  NEW HOLLAND 3230 / 3630 BIG 28.5",UNIT PER BOX:1 PCS,TIE ROD END,NEW HOLLAND,970
GK 692,TIE ROD END NEW HOLLAND 3030 / 3230 O/M FRONT (RH+LH) 22x1.5,UNIT PER BOX:SET OF 2,TIE ROD END,NEW HOLLAND,940
GK 693,TIE ROD END NEW HOLLAND 3630 POWER STG.,UNIT PER BOX:1 PCS,TIE ROD END,NEW HOLLAND,780
GK 694,BALL JOINT NEW HOLLAND 3630 POWER STG.,UNIT PER BOX:1 PCS,TIE ROD END,NEW HOLLAND,720
GK 695,TIE ROD ASSY. NEW HOLLAND 3630 POWER STG.,UNIT PER BOX:1 SET,TIE ROD END,NEW HOLLAND,1930
GK 701,TIE ROD END PREET,UNIT PER BOX:SET OF 2,TIE ROD END,PREET,810
GK 702,TIE ROD END SAME GREAVES 20x1.5 (RH ONLY),UNIT PER BOX:SET OF 2,TIE ROD END,GREAVES,610
GK 703,TIE ROD END SAME GREAVES 18x1.5 (R+L),UNIT PER BOX:SET OF 2,TIE ROD END,GREAVES,610
GK 704,TIE ROD END ACE,UNIT PER BOX:SET OF 2,TIE ROD END,ACE,645
GK 705,TIE ROD END STANDARD,UNIT PER BOX:SET OF 2,TIE ROD END,STANDARD,645
GK 706,"TIE ROD END FORCE BALWAN (2 Pcs. 18x1.5 R+L, 1 Pcs. 24x1.5 RH)",UNIT PER BOX:SET OF 3,TIE ROD END,BALWAN,890
GK 707,TIE ROD END TEMPO BALWAN FRONT,UNIT PER BOX:SET OF 2,TIE ROD END,BALWAN,430
GK 708,TRACK ROD TEMPO BALWAN  FRONT,UNIT PER BOX:1 Pcs.,TIE ROD END,BALWAN,800
GK 709,TIE ROD END TEMPO BALWAN REAR,UNIT PER BOX:SET OF 2,TIE ROD END,BALWAN,600
GK 710,DRAG LINK ASSY. TEMPO BALWAN 35/45,UNIT PER BOX:1 PCS.,TIE ROD END,BALWAN,1050
GK 711,TIE ROD END ENDOFARM,UNIT PER BOX:SET OF 2,TIE ROD END,ENDOFARM,645
GK 712,TIE ROD ASSY. J.C.B,UNIT PER BOX:1 SET,TIE ROD END,JCB,2890
GK 713,TIE ROD END J.C.B,UNIT PER BOX:1 PCS.,TIE ROD END,JCB,1890
GK 714,BALL JOINT J.C.B,UNIT PER BOX:1 PCS.,TIE ROD END,JCB,1580
GK 752,INTER DI  RANE TYPE                                                     (BRG. SIZE INT 53),TOTAL LENGTH:692 MM,STEERING SHAFT,GENERAL,1730
GK 753,INTER  B-275 O/M   ROUND NUT ,TOTAL LENGTH:683 MM,STEERING SHAFT,GENERAL,1730
GK 754,INTER N/M                                                          (30204/30204 BRG. SIZE),TOTAL LENGTH:692 MM,STEERING SHAFT,GENERAL,1730
GK 755,INTER N/M   MODIFIED BRG.                            (30204/30205 BRG. SIZE),TOTAL LENGTH:692 MM,STEERING SHAFT,GENERAL,1730
GK 756,"NST/SARPANCH (30" LONG) ",TOTAL LENGTH:762 MM,STEERING SHAFT,SARPANCH,1800
GK 757,INTER  XLO  O/M,TOTAL LENGTH:673 MM,STEERING SHAFT,GENERAL,1360
GK 758,INTER  XLO  N/M,TOTAL LENGTH:673 MM,STEERING SHAFT,GENERAL,1360
GK 759,INTER  ZF     N/M,TOTAL LENGTH:660 MM,STEERING SHAFT,GENERAL,1360
GK 760,YUVRAJ  RANE TYPE,TOTAL LENGTH:546 MM,STEERING SHAFT,YUVRAJ,1760
GK 761,YUVRAJ  Z/F,TOTAL LENGTH:534 MM,STEERING SHAFT,YUVRAJ,1360
GK 762,MKM/TURBO  ,TOTAL LENGTH:736 MM,STEERING SHAFT,MKM,1800
GK 763,ARJUN,TOTAL LENGTH:584 MM,STEERING SHAFT,ARJUN,1730
GK 764,STEERING MAIN NUT INTER DI RANE TYPE (SQUARE TYPE),,STEERING SHAFT,GENERAL,720
GK  770,SWARAJ  855 ZF ,TOTAL LENGTH:705 MM,STEERING SHAFT,SWARAJ,1360
GK  771,SWARAJ  735 XLO  O/M,TOTAL LENGTH:673 MM,STEERING SHAFT,SWARAJ,1360
GK  772,SWARAJ  N/M  PRONTO TYPE  (BALL TYPE),TOTAL LENGTH:728 MM,STEERING SHAFT,SWARAJ,2020
GK  773,SWARAJ  MODIFIED   N/M                            (30204/30205 BRG SIZE),TOTAL LENGTH:692 MM,STEERING SHAFT,SWARAJ,1730
GK  774,SWARAJ   N/M                                                 (30204/30204 BRG SIZE),TOTAL LENGTH:698 MM,STEERING SHAFT,SWARAJ,1730
GK  775,SWARAJ  XLO  N/M,TOTAL LENGTH:673 MM,STEERING SHAFT,SWARAJ,1360
GK  776,SWARAJ  XM   XLO TYPE                                                    (Z/F TYPE BRG),TOTAL LENGTH:673 MM,STEERING SHAFT,SWARAJ,1360
GK  777,SWARAJ  XM   RANE TYPE,TOTAL LENGTH:686 MM,STEERING SHAFT,SWARAJ,1730
GK  778,SWARAJ  ZF N/M SPLINE TYPE,TOTAL LENGTH:762 MM,STEERING SHAFT,SWARAJ,1360
GK  779,SWARAJ  735 RANE TYPE  SQUARE NUT                           (TAPPER BRG ),TOTAL LENGTH:692 MM,STEERING SHAFT,SWARAJ,1730
GK   785,SONALIKA XLO  O/M      (Z/F TYPE BRG)       ,TOTAL LENGTH:705 MM,STEERING SHAFT,SONALIKA,1360
GK   786,SONALIKA ZF  N/M (KEY TYPE),TOTAL LENGTH:660 MM,STEERING SHAFT,SONALIKA,1360
GK   787,SONALIKA RX  ( XLO TYPE ),TOTAL LENGTH:655 MM,STEERING SHAFT,SONALIKA,1360
GK   788,SONALIKA  Z/F  N/M 18''   ,TOTAL LENGTH:457 MM,STEERING SHAFT,SONALIKA,1360
GK   789,"SONALIKA   ZF N/M   26"  SPLINE TYPE",TOTAL LENGTH:660 MM,STEERING SHAFT,SONALIKA,1360
GK   790,SONALIKA RANE   KEY TYPE    (SQUARE NUT),TOTAL LENGTH:676 MM,STEERING SHAFT,SONALIKA,1730
GK   791,SONALIKA RANE   SPLINE TYPE   (SQUARE NUT),TOTAL LENGTH:676 MM,STEERING SHAFT,SONALIKA,1730
GK   792,SONALIKA RANE   20 HP ( MINI TRACTOR),TOTAL LENGTH:546 MM,STEERING SHAFT,SONALIKA,1730
GK   793,POWER STEERING COLUMN SONALIKA,,STEERING SHAFT,SONALIKA,2020
GK  800,"MF 1035 O/M RANE   21"      ROUND NUT        (WITHOUT KNURLING)",TOTAL LENGTH:535 MM,STEERING SHAFT,MF,1730
GK  801,"MF 1035 N/M RANE   22.3"   ROUND NUT       (WITHOUT KNURLING)",TOTAL LENGTH:567 MM,STEERING SHAFT,MF,1730
GK  802,"MF 240 DI  22.5"  RANE       ROUND NUT                       (KNURLING  TYPE)",TOTAL LENGTH:571 MM,STEERING SHAFT,MF,1730
GK  803,"MF 245 DI 24.5"   RANE       ROUND NUT                       (KNURLING  TYPE)",TOTAL LENGTH:622 MM,STEERING SHAFT,MF,1730
GK  804,"MF 245 DI 25.5"   RANE       ROUND NUT                       (KNURLING TYPE)",TOTAL LENGTH:647 MM,STEERING SHAFT,MF,1730
GK  805,"MASSEY 241  J SERIES  XLO     23",TOTAL LENGTH:584 MM,STEERING SHAFT,MASSEY,1950
GK  806,"MASSEY 241  J SERIES  XLO     24.5 " ",TOTAL LENGTH:622 MM,STEERING SHAFT,MASSEY,1950
GK  807,"MASSEY 241  J SERIES  XLO     25.5"    ",TOTAL LENGTH:647 MM,STEERING SHAFT,MASSEY,1950
GK  808,"MF J SERIES RANE TYPE           22.5",TOTAL LENGTH:571 MM,STEERING SHAFT,MF,1950
GK  809,"MF J SERIES RANE TYPE           24.5",TOTAL LENGTH:622 MM,STEERING SHAFT,MF,1950
GK  810,"MF J SERIES/SAMRAT/GAJRAJ  RANE TYPE  29",TOTAL LENGTH:736 MM,STEERING SHAFT,MF,2020
GK 811,STEERING MAIN NUT MASSEY DI (ROUND),,STEERING SHAFT,MASSEY,720
GK 815,HMT 2511/3511    BALL TYPE                                    (31305 BRG. SIZE),TOTAL LENGTH:705 MM,STEERING SHAFT,HMT,2020
GK 816,HMT 2522/ 3522   BALL TYPE                                    (30305 BRG SIZE),TOTAL LENGTH:705 MM,STEERING SHAFT,HMT,2020
GK 817,HMT 4511                                                                      (30305 BRG SIZE),TOTAL LENGTH:810 MM,STEERING SHAFT,HMT,2170
GK 818,HMT  4022/4922                                                          (31305 BRG SIZE),TOTAL LENGTH:810 MM,STEERING SHAFT,HMT,2200
GK 819,HMT 5911                                                                                                        ,TOTAL LENGTH:798 MM,STEERING SHAFT,HMT,2200
GK  822,ESCORT 355 RANE TYPE      ROUND NUT,TOTAL LENGTH:677 MM,STEERING SHAFT,ESCORT,1730
GK  823,ESCORT JOSH RANE TYPE   FORD TYPE NUT,TOTAL LENGTH:660 MM,STEERING SHAFT,ESCORT,1950
GK  824,"ESCORT JOSH ZF  26 ",TOTAL LENGTH:660 MM,STEERING SHAFT,ESCORT,1360
GK  825,ESCORT E-335 O/M    KEY TYPE            PANJA TYPE,TOTAL LENGTH:546 MM,STEERING SHAFT,ESCORT,1230
GK  826,ESCORT E-335 O/M    SPLINE TYPE    PANJA TYPE,TOTAL LENGTH:546 MM,STEERING SHAFT,ESCORT,1230
GK  830,POWERTRAC 430/ 435   RANE                            (HALF CUT) DOUBLE ARM,TOTAL LENGTH:705 MM,STEERING SHAFT,POWERTRAC,2020
GK  831,POWERTRAC 430/ 435   RANE                          (FULL NUT)   DOUBLE ARM,TOTAL LENGTH:705 MM,STEERING SHAFT,POWERTRAC,2020
GK  832,"POWERTRAC  ZF                                                 (KNURLING TYPE / 25.25" )",TOTAL LENGTH:641 MM,STEERING SHAFT,POWERTRAC,1360
GK  833,"POWERTRAC  ZF                                                   (KNURLING TYPE / 27.2" )",TOTAL LENGTH:692 MM,STEERING SHAFT,POWERTRAC,1360
GK  834,POWERTRAC   RANE                                      (SQUARE NUT  ) SINGLE ARM,TOTAL LENGTH:712 MM,STEERING SHAFT,POWERTRAC,1730
GK  835,"POWERTRAC  ZF  30"  SPLINE TYPE",TOTAL LENGTH:762 MM,STEERING SHAFT,POWERTRAC,1360
GK  836,POWERTRAC RANE TYPE                            (STERLING MINI TRACTOR),TOTAL LENGTH:546 MM,STEERING SHAFT,POWERTRAC,1730
GK  841,FORD 3600/ FT 60 RANE TYPE                                 (HALF CUT),TOTAL LENGTH:660 MM,STEERING SHAFT,FORD,2020
GK  842,FORD 3600 RANE TYPE      MODIFIED BRG       (11949/ 30205 BRG SIZE),TOTAL LENGTH:660 MM,STEERING SHAFT,FORD,2020
GK  843,FORD 3600 RANE TYPE     MODIFIED BRG        (30204/ 30205 BRG SIZE),TOTAL LENGTH:660 MM,STEERING SHAFT,FORD,2020
GK  844,FORD 3610/ FT 60 RANE TYPE                                 (FULL NUT),TOTAL LENGTH:660 MM,STEERING SHAFT,FORD,2020
GK  845,FORD 3000 RANE TYPE,TOTAL LENGTH:660 MM,STEERING SHAFT,FORD,2020
GK  846,FARMTRAC 60/ 45   RANE                     (INTER TYPE NUT / SINGLE ARM),TOTAL LENGTH:689 MM,STEERING SHAFT,FARMTRAC,1730
GK   851,EICHER 242 NC/ 364 NC                             (E-159 DELUXE BRG SIZE N/M),TOTAL LENGTH:692 MM,STEERING SHAFT,EICHER,1730
GK   852,"EICHER ZF   N/M 26.5",TOTAL LENGTH:660 MM,STEERING SHAFT,EICHER,1360
GK   853,"EICHER 485/380  ZF  21",TOTAL LENGTH:538 MM,STEERING SHAFT,EICHER,1360
GK   854," EICHER  485/380/ 333  Z/F   HYDRAMATIC  23",TOTAL LENGTH:588 MM,STEERING SHAFT,EICHER,1360
GK  859,"NEW HOLLAND  ZF TYPE  3230    20",TOTAL LENGTH:508 MM,STEERING SHAFT,NEW HOLLAND,1360
GK  860,"NEW HOLLAND  RANE        3630    26",TOTAL LENGTH:660 MM,STEERING SHAFT,NEW HOLLAND,2860
GK  861,"JOHN DEERE  RANE   24",TOTAL LENGTH:610 MM,STEERING SHAFT,JOHN DEERE,2860
GK  862,"JOHN DEERE  RANE  18",TOTAL LENGTH:457 MM,STEERING SHAFT,JOHN DEERE,3260
GK  863,POWER STEERING COLUMN JOHN DEERE BIG,,STEERING SHAFT,JOHN DEERE,2020
GK   901, POWER STEERING CYLINDER  ARJUN 605 ULTRA (40 MM),,POWER STEERING CYLINDER,ARJUN,15900
GK   902,POWER STEERING CYLINDER  ARJUN 555 (30 MM),,POWER STEERING CYLINDER,ARJUN,10100
GK   903,POWER STEERING CYLINDER  ARJUN 595 DI TYPE,,POWER STEERING CYLINDER,ARJUN,7500
GK 908,POWER STEERING CYLINDER MASSEY 241,,POWER STEERING CYLINDER,MASSEY,4040
GK 909,POWER STEERING CYLINDER MASSEY 9000/9500,,POWER STEERING CYLINDER,MASSEY,7200
GK 910,POWER STEERING CYLINDER MASSEY 7250,,POWER STEERING CYLINDER,MASSEY,9800
GK 915,POWER STEERING CYLINDER SWARAJ O/M,,POWER STEERING CYLINDER,SWARAJ,8650
GK 916,POWER STEERING CYLINDER SWARAJ 855 N/M,,POWER STEERING CYLINDER,SWARAJ,8100
GK 917,POWER STEERING CYLINDER SWARAJ REGULAR,,POWER STEERING CYLINDER,SWARAJ,7500
GK 918,ROD POWER STEERING CYLINDER  SWARAJ 855 N/M,,POWER STEERING CYLINDER,SWARAJ,2500
GK 922,POWER STEERING CYLINDER SONALIKA SINGLE,,POWER STEERING CYLINDER,SONALIKA,7200
GK 923,POWER STEERING CYLINDER SONALIKA 60 DX,,POWER STEERING CYLINDER,SONALIKA,7200
GK 924,POWER STEERING CYLINDER SONALIKA BALANCE TYPE,,POWER STEERING CYLINDER,SONALIKA,8950
GK 925,POWER STEERING CYLINDER SONALIKA O/M,,POWER STEERING CYLINDER,SONALIKA,8650
GK 929,POWER STEERING CYLINDER STANDARD O/M BALANCE TYPE (THICK),,POWER STEERING CYLINDER,GENERAL,8950
GK 930,POWER STEERING CYLINDER STANDARD O/M BALANCE TYPE (THIN),,POWER STEERING CYLINDER,GENERAL,8400
GK 931,POWER STEERING CYLINDER STANDARD O/M  SINGLE,,POWER STEERING CYLINDER,GENERAL,8400
GK 934,POWER STEERING CYLINDER JOHN DEERE 5310 O/M,,POWER STEERING CYLINDER,JOHN DEERE,7500
GK 935,POWER STEERING CYLINDER JOHN DEERE 5310 N/M,,POWER STEERING CYLINDER,JOHN DEERE,7500
GK 936,POWER STEERING CYLINDER JOHN DEERE 5041 C,,POWER STEERING CYLINDER,JOHN DEERE,6900
GK 937,POWER STEERING CYLINDER JOHN DEERE 5036,,POWER STEERING CYLINDER,JOHN DEERE,7200
GK 938,POWER STEERING CYLINDER JOHN DEERE 4X4 ,,POWER STEERING CYLINDER,JOHN DEERE,10100
GK 939,POWER STEERING CYLINDER JOHN DEERE 5050,,POWER STEERING CYLINDER,JOHN DEERE,7500
GK 940,ROD POWER STG CYLINDER JOHNDEERE N/M,,POWER STEERING CYLINDER,JOHN DEERE,2500
GK 945,POWER STEERING  CYLINDER POWERTRAC LONG,,POWER STEERING CYLINDER,POWERTRAC,8650
GK 946,POWER STEERING  CYLINDER FARMTRAC 60 LONG,,POWER STEERING CYLINDER,FARMTRAC,8650
GK 947,POWER STEERING  CYLINDER FARMTRAC 70 BALANCE TYPE,,POWER STEERING CYLINDER,FARMTRAC,9500
GK 948,POWER STEERING  CYLINDER FARMTRAC 6055 BALANCE TYPE,,POWER STEERING CYLINDER,FARMTRAC,9800
GK 949,POWER STEERING CYLINDER FARMTRAC SINGLE N/M,,POWER STEERING CYLINDER,FARMTRAC,8100
GK 955,POWER STEERING  CYLINDER NEW HOLLAND 3630,,POWER STEERING CYLINDER,NEW HOLLAND,7500
GK 956,POWER STEERING  CYLINDER NEW HOLLAND 3230,,POWER STEERING CYLINDER,NEW HOLLAND,8100
GK 957,POWER STEERING  CYLINDER NEW HOLLAND 4710,,POWER STEERING CYLINDER,NEW HOLLAND,6900
GK 958,POWER STEERING  CYLINDER NEW HOLLAND GLOBAL,,POWER STEERING CYLINDER,NEW HOLLAND,7800
GK 959,ROD POWER STG CYLINDER  NEW HOLLAND 3630,,POWER STEERING CYLINDER,NEW HOLLAND,2500
GK 963,POWER STEERING CYLINDER HMT 6522,,POWER STEERING CYLINDER,HMT,11000
GK  965,POWER STEERING CYLINDER PREET BALANCE TYPE,,POWER STEERING CYLINDER,PREET,9200
GK  966,POWER STEERING CYLINDER PREET SINGLE,,POWER STEERING CYLINDER,PREET,7500
GK  969,POWER STEERING CYLINDER ACE BALANCE TYPE,,POWER STEERING CYLINDER,ACE,9200
GK  970,POWER STEERING CYLINDER ACE SINGLE,,POWER STEERING CYLINDER,ACE,7500
GK  973,POWER STEERING CYLINDER DEUTZE AGRILAC 70,,POWER STEERING CYLINDER,AGRILAC,6900
GK  974,POWER STEERING CYLINDER DEUTZE AGRILAC 80,,POWER STEERING CYLINDER,AGRILAC,7200
